year,circulating_supply,emission_rate,block_reward,annual_emissions,wk_weight,wp_weight,compute_security_pool,knowledge_vault_pool,personal_data_pool,pro_miners_pct,enterprise_pct,retail_pct
0.041666666666666664,4300000000.0,0.9533893814183212,1234.9681706918577,77891912461.87685,0.44381465439937207,0.1561853456006279,493.9872682767431,548.0969718698316,192.88393054528308,28.000000000000004,51.94331889594349,20.056681104056516
0.08333333333333333,7545496352.578202,0.9164891958100114,1140.0099086044395,71902704955.4992,0.4377568371327414,0.1622431628672586,456.0039634417758,499.047131890665,184.95881327199868,27.999999999999996,51.39811534194673,20.601884658053276
0.125,10541442392.390669,0.8810510291892669,1054.0785109291253,66482839841.321785,0.4318239188440427,0.16817608115595728,421.63140437165015,455.17631335870806,177.2707931987672,27.999999999999996,50.86415269596384,21.135847304036155
0.16666666666666666,13311560719.11241,0.8470660855006187,976.2162563865242,61571911722.81085,0.426013324388797,0.17398667561120296,390.4865025546097,415.88113270560933,169.84862112630512,28.000000000000004,50.341199194991724,21.658800805008266
0.20833333333333331,15877057040.896194,0.8145159110445813,905.5722471058734,57116252769.46165,0.4203225317163871,0.17967746828361286,362.2288988423494,380.6324195556384,162.71092870788559,27.999999999999996,49.82902785447484,22.170972145525155
0.25,18256900906.29043,0.783373995817152,841.3905096727003,53068182226.07655,0.4147490707753786,0.18525092922462139,336.55620386908015,348.9659320459747,155.86837375764551,28.000000000000004,49.327416369784075,22.672583630215925
0.29166666666666663,20468075165.710285,0.7536072608977256,782.9993400514446,49385334375.72472,0.4092905224414092,0.1907094775585908,313.19973602057786,320.4742089609344,149.3253950699324,27.999999999999996,48.83614701972682,23.16385298027317
0.3333333333333333,22525797431.365482,0.7251774135237619,729.8017827911863,46030058044.2057,0.4039445174671842,0.1960554825328158,291.92071311647453,294.7994289962765,143.08164067843524,28.000000000000004,48.35500657204658,23.64499342795342
0.375,24443716516.540718,0.6980421604774238,681.2671409461358,42968881113.75468,0.3987087354541201,0.20129126454587987,272.5068563784543,271.6271602730776,137.13312429460387,27.999999999999996,47.88378619087081,24.116213809129192
0.41666666666666663,26234086562.947163,0.6721562775383573,636.923419259404,40172033899.52913,0.3935809038451905,0.20641909615480947,254.76936770376162,250.68089503228546,131.47315652335695,28.000000000000004,47.422281346067145,24.577718653932852
0.4583333333333333,27907921308.760876,0.6474725381506337,596.350609409293,37613025636.66293,0.3885587969385377,0.2114412030614623,238.54024376371723,231.7172753456387,126.09309029993712,27.999999999999993,46.97029172446839,25.029708275531604
0.5,29475130710.288498,0.6239425083113831,559.1747324739292,35268268726.595665,0.3836402349214214,0.21635976507857857,223.6698929895717,214.5219257284212,120.98291375593635,28.000000000000004,46.52762114292793,25.472378857072076
0.5416666666666666,30944641907.229984,0.601517217251058,525.0625601649471,33116745794.723537,0.3788230829240852,0.2211769170759148,210.02502406597884,198.90581776969822,116.13171832927003,27.999999999999993,46.094077463167665,25.905922536832332
0.5833333333333333,32324506315.343464,0.5801477149845651,493.7169427292926,31139715011.821945,0.3741052500931298,0.2258947499068702,197.48677709171704,184.70210033495746,111.52806530261812,27.999999999999996,45.66947250838169,26.330527491618323
0.625,33621994440.836044,0.5597855284993984,464.8726776331974,29320449523.681026,0.36948468868399253,0.23051531131600744,185.94907105327897,171.76333657299597,107.16027000692247,27.999999999999996,45.25362198155933,26.74637801844067
0.6666666666666666,34843679837.65609,0.5403830284172861,438.2928591452891,27644007212.011677,0.36495939317213677,0.2350406068278632,175.31714365811567,159.95909590534555,103.01661958182794,27.999999999999996,44.846345385492306,27.153654614507687
0.7083333333333333,35995513471.48991,0.5218937175952663,413.76565466144314,26097027370.80654,0.360527399382567,0.23947260061743297,165.50626186457725,149.1738554289154,99.08553736795047,27.999999999999996,44.44746594443103,27.552534055568966
0.75,37082889611.94018,0.5042724524645694,391.10145901298506,24667551222.866993,0.35618678363729167,0.2438132163627083,156.44058360519404,139.3051707616872,95.35570464610383,28.000000000000004,44.05681052735625,27.943189472643752
0.7916666666666666,38110704246.2263,0.48747560705535886,370.13038303881996,23344863519.024452,0.3519356619203632,0.2480643380796368,148.052153215528,130.26208135160468,91.8161484716873,27.999999999999996,43.674209572832694,28.325790427167313
0.8333333333333333,39083406892.852325,0.4714611887097171,350.70003736215693,22119352756.505962,0.34777218906013313,0.25222781093986685,140.28001494486278,121.9637196969078,88.45630272038636,28.000000000000004,43.29949701541199,28.700502984588017
0.875,40005046591.04008,0.45618891350889945,332.6735765874854,20982387822.52588,0.3436945579283676,0.25630544207163236,133.06943063499418,114.33809783968475,85.26604811280649,28.000000000000004,42.93251021355309,29.06748978644691
0.9166666666666666,40879312750.31199,0.44162024847965714,315.9279730273357,19926209114.780117,0.3397009986558749,0.2602990013441251,126.37118921093429,107.32104794071225,82.23573587568919,27.999999999999996,42.57308987902874,29.42691012097126
0.9583333333333333,41709571463.427826,0.4277184267292429,300.3524925930146,18943832412.826614,0.3357897778643054,0.26421022213569456,120.14099703720584,100.8552967687988,79.35619878700994,28.000000000000004,42.221080007787485,29.778919992212515
1.0,42498897813.962265,0.4144484408088172,285.8473486565888,18028963974.46837,0.33195919791379,0.26804080208620995,114.33893946263552,94.8896565858247,76.61875260812857,28.000000000000004,41.8763278122411,30.1236721877589
1.0416666666666665,43250104646.23178,0.40177701883094474,272.3225125344345,17175925510.571852,0.3282075961660905,0.27179240383390946,108.9290050137738,89.37831722083682,74.0151902998239,27.999999999999996,41.53868365494815,30.461316345051852
1.0833333333333333,43965768209.17227,0.3896725871729051,259.69666177951257,16379587851.757416,0.3245333442629425,0.2754666557370575,103.87866471180503,84.28022614122749,71.53777092648004,28.000000000000004,41.208000983664824,30.791999016335183
1.125,44648251036.32883,0.3781052229834133,247.89624972512397,15635312262.66302,0.3209348474192769,0.27906515258072306,99.1584998900496,79.55854508134362,69.17920475373074,27.999999999999996,40.884136267734924,31.115863732265076
1.1666666666666665,45299722380.60645,0.3670465991728194,236.85468172228587,14938898485.588015,0.3174105437310141,0.28258945626898585,94.74187268891436,75.18017331070706,66.93263572266447,27.999999999999996,40.56694893579127,31.433051064208726
1.2083333333333333,45922176484.17262,0.3564699241008452,226.5115852805374,14286538706.814054,0.31395890349712957,0.2860410965028704,90.60463411221497,71.11532894407407,64.79162222424834,28.000000000000004,40.25630131474166,31.74369868525833
1.25,46517448930.28987,0.34634987777530757,216.8121628813331,13674776737.251442,0.31057842855569706,0.2894215714443029,86.72486515253325,67.33718083944626,62.750116889353585,28.000000000000004,39.95205857001273,32.04794142998726
1.2916666666666665,47087231294.34202,0.33666254603347,207.70661760620166,13100471785.658352,0.3072676516336213,0.2927323483663787,83.08264704248067,63.82152462062016,60.80244594310083,28.000000000000004,39.65408864702592,32.345911352974085
1.3333333333333333,47633084285.41112,0.3273853538880824,199.1496429289528,12560766278.81491,0.3040251357097776,0.29597486429022235,79.65985717158112,60.54649721802864,58.943288539343044,28.000000000000004,39.362262213879994,32.637737786120006
1.375,48156449547.028404,0.3184969989763957,191.09996908110213,12053057249.883274,0.30084947339128226,0.2991505266087177,76.43998763244086,57.492325063139894,57.167656385521376,28.000000000000004,39.07645260521541,32.92354739478459
1.4166666666666665,48658660265.773544,0.30997738584654533,183.5199593293894,11574970874.823248,0.2977392863026229,0.30226071369737706,73.40798373175576,54.64110171301878,55.47087388461485,27.999999999999996,38.796535767236065,33.203464232763935
1.4583333333333333,49140950718.89118,0.301807561646184,176.37525031912708,11124339788.127983,0.29469322448738344,0.30530677551261654,70.55010012765084,51.97659123631296,53.848558955163284,27.999999999999996,38.52239020386451,33.477609796135496
1.5,49604464876.72985,0.2939696536381968,169.63443135090932,10699182854.164553,0.2917099658223044,0.30829003417769557,67.85377254036374,49.4840541716598,52.29660463888578,28.000000000000004,38.25389692400739,33.74610307599259
1.5416666666666665,50050264162.32004,0.2864468088533751,163.26875808322617,10297687109.825241,0.288788215443424,0.311211784556576,65.30750323329048,47.15009328451899,50.81116156541671,28.000000000000004,37.99093938990816,34.009060610091844
1.5833333333333333,50479334458.56276,0.27922313609619376,157.25189670066132,9918191628.704111,0.2859267051840507,0.31407329481594926,62.90075868026453,44.96251670756279,49.388621312834,28.000000000000004,37.73340346656456,34.26659653343543
1.625,50892592443.092094,0.2722836504439976,151.5596950662746,9559173087.220072,0.28312419302432396,0.316875806975676,60.62387802650984,42.91021636065161,48.025600679113154,27.999999999999996,37.48117737218916,34.51882262781085
1.6666666666666665,51290891321.726265,0.2656142203190312,146.16997779598236,9219232839.548199,0.2803794625521234,0.31962053744787655,58.467991118392945,40.98305981569335,46.718926861896065,27.999999999999996,37.23415162969111,34.76584837030889
1.7083333333333333,51675026023.37411,0.2592015171643835,141.06236255976367,8897085331.369413,0.2776913224350934,0.32230867756490655,56.42494502390547,39.17179400503939,45.46562353081882,27.999999999999996,36.992219019158405,35.00778098084159
1.75,52045737912.18117,0.2530329677169086,136.21809523589732,8591547702.718515,0.27505860590355247,0.3249413940964475,54.48723809435893,37.46795937442326,44.262897767115135,27.999999999999996,36.75527453131973,35.24472546868028
1.7916666666666665,52403719066.461105,0.24709670884074764,131.6199018259548,8301530447.966621,0.2724801702440652,0.3275198297559348,52.647960730381925,35.863813257043304,43.10812783852956,28.000000000000004,36.523215321965864,35.47678467803413
1.8333333333333333,52749616168.45972,0.24138154486267277,127.25185528497637,8026029016.53403,0.2699548963034542,0.33004510369654577,50.90074211399055,34.35226139787796,41.998851773107866,28.000000000000004,36.29594066731088,35.70405933268912
1.875,53084034044.148636,0.23587690733382644,123.09925563755293,7764116251.571738,0.2674816880030397,0.3325183119969603,49.23970225502117,32.926796689850356,40.9327566926814,28.000000000000004,36.07335192027357,35.926648079726434
1.9166666666666665,53407538887.96413,0.2305728171304594,119.1485219402755,7514935575.817057,0.2650594718628932,0.3349405281371068,47.659408776110205,31.581444298733768,39.90766886543153,28.000000000000004,35.85535246766039,36.144647532339604
1.9583333333333333,53720661203.62317,0.2254598487980809,115.38709481756004,7277694844.333147,0.2626871965359008,0.3373128034640992,46.15483792702402,30.31071245404701,38.92154443648901,28.000000000000004,35.641847688231074,36.358152311768926
2.0,54023898488.80372,0.22052909703827692,111.80334844413365,7051660793.0683975,0.2603638323514327,0.3396361676485673,44.721339377653464,29.109548270637223,37.972460795842956,28.000000000000004,35.432744911628944,36.567255088371056
2.0416666666666665,54317717688.5149,0.21577214523470833,108.38651097603999,6836154020.280794,0.25808837086842146,0.3419116291315785,43.354604390416,27.97329804191844,37.058608543705546,20.000000000000004,36.066185960789504,43.933814039210496
2.083333333333333,54602557439.35993,0.21118103591395557,105.1265925451054,6630544445.004888,0.25585982443765465,0.34414017556234533,42.05063701804216,26.897671512319523,36.17828401474372,20.0,35.910187710635824,44.089812289364176
2.125,54878830124.56847,0.20674824303751702,102.01432003135419,6434247193.017571,0.2536772257730924,0.3463227742269076,40.80572801254168,25.878709694682335,35.329882324130175,20.0,35.757405804116466,44.242594195883534
2.1666666666666665,55146923757.61086,0.2024666460230367,99.04107791554993,6246718866.289565,0.25153962753202264,0.34846037246797734,39.616431166219975,24.912755849247464,34.5118909000825,20.0,35.60777392724159,44.39222607275842
2.208333333333333,55407203710.372925,0.19832950539546815,96.19885459135672,6067454156.786051,0.249446101903874,0.35055389809612597,38.479541836542694,23.996429285431525,33.7228834693825,20.000000000000004,35.46122713327118,44.53877286672882
2.25,55660014300.23901,0.19433043997213012,93.48019358483461,5895982769.782688,0.24739574020750493,0.35260425979249505,37.39207743393384,23.126601686661015,32.961514464239755,20.0,35.31770181452534,44.68229818547466
2.2916666666666665,55905680248.97996,0.1904634054893095,90.87814918923559,5731866625.663466,0.24538765249679695,0.35461234750320303,36.35125967569424,22.300375692800213,32.22651382074114,20.0,35.17713567477579,44.82286432522422
2.333333333333333,56144508025.04927,0.18672267458204891,88.38624607632067,5574697312.525698,0.24342096717437933,0.35657903282562065,35.354498430528274,21.515065504810668,31.516682140981732,20.0,35.03946770220656,44.960532297793435
2.375,56376787079.73784,0.18310281803292727,85.99844249253904,5424093764.889422,0.24149483061331778,0.3585051693866822,34.399376997015615,20.76817930274487,30.830886192778557,20.0,34.90463814293224,45.09536185706775
2.4166666666666665,56602790986.60823,0.17959868720988267,83.70909669012704,5279700146.4396925,0.2396084067866035,0.3603915932133965,33.483638676050816,20.057403291467086,30.16805472260914,20.0,34.77258847506224,45.22741152493776
2.458333333333333,56822778492.709885,0.17620539761738743,81.5129362801662,5141183917.062643,0.23776087690428085,0.36223912309571915,32.60517451206648,19.380587209015083,29.527174559084635,20.0,34.64326138329966,45.35673861670034
2.5,57036994489.25416,0.17291831348949308,79.40503022743951,5008234066.505065,0.23595143905805702,0.36404856094194293,31.762012090975805,18.735731150612867,28.90728698585083,20.0,34.51660073406399,45.483399265936
2.5416666666666665,57245670908.69187,0.16973303335738468,77.38076323605118,4880559498.82422,0.23417930787323904,0.36582069212676094,30.952305294420473,18.120973577321447,28.30748436430926,20.0,34.39255155112673,45.607448448873264
2.583333333333333,57449027554.47621,0.16664537652808645,75.43581230066167,4757887553.427333,0.2324437141678469,0.36755628583215305,30.174324920264667,17.53458039243435,27.72690698796265,20.0,34.27105999174928,45.72894000825071
2.625,57647272869.20235,0.16365137041481306,73.56612522121206,4639962649.952287,0.23074390461875516,0.3692560953812448,29.426450088484827,16.97493498121475,27.164740151512483,20.0,34.15207332331286,45.84792667668714
2.6666666666666665,57840604646.28369,0.16074723866316387,71.76790089951521,4526545045.534224,0.22907914143471803,0.37092085856528195,28.707160359806085,16.44052912063287,26.620211419076252,20.0,34.03553990043026,45.964460099569735
2.708333333333333,58029210689.84762,0.1579293900208821,70.03757125435972,4417409694.154976,0.22744870203613582,0.37255129796386416,28.01502850174389,15.929954675567496,26.092588077048333,20.0,33.921409142529505,46.07859085747049
2.75,58213269427.10407,0.15519440790225725,68.37178460806908,4312345198.800133,0.22585187874142393,0.37414812125857605,27.34871384322763,15.441896006636371,25.58117475820507,20.0,33.809631511899674,46.19036848810032
2.7916666666666665,58392950477.05408,0.15253904060142323,66.76739041200771,4211152848.06615,0.2242879784598485,0.3757120215401515,26.70695616480309,14.975123022548681,25.085311224655946,20.0,33.700158492189395,46.299841507810605
2.833333333333333,58568415179.05683,0.14996019211181058,65.22142519152817,4113645729.6800647,0.2227563223906946,0.3772436776093054,26.08857007661127,14.528484816744617,24.60437029817228,20.0,33.592942567348615,46.40705743265138
2.875,58739817084.46017,0.14745491351183415,63.73109960248137,4019647914.127705,0.22125624572863745,0.37874375427136253,25.49243984099255,14.100903834202885,24.137755927285934,20.000000000000004,33.48793720100462,46.51206279899538
2.9166666666666665,58907302414.215485,0.14502039487956145,62.2937865018235,3928993702.2430115,0.2197870973751878,0.38021290262481217,24.9175146007294,13.691370519745442,23.68490138134866,20.0,33.38509681626315,46.61490318373685
2.958333333333333,59071010485.14227,0.14265395770160097,60.907009944180786,3841526931.1993704,0.2183482396560871,0.3816517603439129,24.362803977672314,13.298938404027666,23.245267562480805,20.0,33.2843767759261,46.7156232240739
3.0,59231074107.27558,0.14035304774379095,59.568435024599694,3757100333.871552,0.21693904804452893,0.3830609519554711,23.82737400983988,12.922719587739033,22.818341427020783,20.0,33.18573336311702,46.81426663688298
3.0416666666666665,59387619954.52023,0.13811522835345968,58.27585849521962,3675574947.010492,0.21555891089008744,0.38444108910991254,23.310343398087852,12.561880588414391,22.403634508717378,20.0,33.08912376230612,46.91087623769387
3.083333333333333,59540768910.64567,0.1359381741650748,57.02720009035089,3596819564.0986114,0.21420722915323426,0.3857927708467657,22.810880036140357,12.215638517721134,22.0006815364894,20.0,32.9945060407264,47.0054939592736
3.125,59690636392.48311,0.13381966518301347,55.82049450050846,3520710229.13607,0.21288341614532935,0.3871165838546706,22.328197800203384,11.883257560189811,21.609039140115264,20.0,32.90183913017305,47.09816086982694
3.1666666666666665,59837332652.03044,0.13175758121697037,54.65388394141105,3447129767.9526777,0.21158689727397278,0.3884131027260272,21.86155357656442,11.564045727134971,21.22828463771166,20.0,32.811082809178096,47.1889171908219
3.208333333333333,59980963059.02847,0.12974989664718448,53.52561126887257,3375967353.9503307,0.21031710979360646,0.3896828902063935,21.410244507549027,11.25735186200537,20.858014899318167,20.0,32.72219768555245,47.27780231444754
3.25,60121628365.44307,0.12779467549821863,52.434013594947174,3307118105.4605083,0.2090735025612582,0.39092649743874175,20.973605437978872,10.962562875640236,20.497845281328065,20.0,32.63514517928808,47.36485482071192
3.2916666666666665,60259424953.17059,0.12589006680147008,51.3775163646881,3240482712.153608,0.20785553579732166,0.39214446420267834,20.55100654587524,10.679101191917907,20.147408626894954,20.0,32.549887505812514,47.45011249418748
3.333333333333333,60394445066.176994,0.12403430022793857,50.35462785649379,3175967088.1647763,0.20666268085126854,0.39333731914873143,20.141851142597517,10.406422386090973,19.806354327805302,20.0,32.466387659588804,47.533612340411196
3.375,60526777028.18386,0.12222568197402986,49.363934072278525,3113482049.8067513,0.20549441997219128,0.39450558002780867,19.745573628911412,10.144012999728366,19.474347443638745,20.0,32.38460939805339,47.6153906019466
3.4166666666666665,60656505446.92581,0.12046259088433915,48.40409398665737,3052943015.9264536,0.20435024608407665,0.39564975391592333,19.36163759466295,9.891388517650208,19.15106787434421,20.000000000000004,32.30451722588536,47.69548277411463
3.458333333333333,60783711405.922745,0.1187434747964461,47.473835127009195,2994269729.130724,0.20322966256571268,0.3967703374342873,18.98953405080368,9.648091493562356,18.83620958264316,20.0,32.226076379599895,47.77392362040011
3.5,60908472644.63653,0.11706684709375811,46.57194945870092,2937385996.2591844,0.20213218303513353,0.39786781696486645,18.62877978348037,9.413689812289123,18.52947986293143,20.0,32.149252812459345,47.85074718754065
3.5416666666666665,61030863727.813995,0.11543128345338428,45.69728955195462,2882219446.6208816,0.20105733113850854,0.39894266886149143,18.278915820781847,9.187775077579648,18.230598653593123,20.0,32.0740131796956,47.9259868203044
3.583333333333333,61150956204.75653,0.11383541877688803,44.848765008827556,2828701306.6367717,0.20000464034338394,0.39999535965661603,17.939506003531022,8.969961115435499,17.939297889861034,20.0,32.00032482403687,47.99967517596312
3.625,61268818759.19973,0.11227794429258561,44.02533913058744,2776766189.644411,0.19897365373618753,0.40102634626381245,17.610135652234977,8.759882583787732,17.65532089456473,20.0,31.928155761533127,48.071844238466866
3.6666666666666665,61384517350.43491,0.11075760481880946,43.22602580740726,2726351899.7247906,0.19796392382390815,0.40203607617609183,17.290410322962906,8.55719368014786,17.378421804296497,20.0,31.857474667673575,48.14252533232643
3.708333333333333,61498115346.25678,0.1092731961782589,42.449886613799364,2677399248.5055537,0.1969750123398646,0.4030249876601354,16.979954645519747,8.361566939578983,17.108365028700636,20.0,31.788250863790523,48.211749136209484
3.75,61609673648.27785,0.10782356275421556,41.696028094569876,2629851883.980711,0.19600649005347853,0.40399350994652145,16.67841123782795,8.172692115987871,16.844924740754053,20.0,31.720454303743495,48.279545696256505
3.7916666666666665,61719250810.110374,0.10640759518000725,40.96359922731267,2583656130.4650645,0.1950579365839698,0.4049420634160302,16.385439690925068,7.990275140332311,16.587884396055294,20.0,31.654055560877893,48.34594443912212
3.833333333333333,61826903148.87975,0.10502422815367196,40.25178904859307,2538760838.872862,0.19412894021789306,0.4058710597821069,16.100715619437228,7.814037149877566,16.337036279278273,20.0,31.589025815252512,48.41097418474748
3.875,61932684850.49946,0.10367243837029898,39.55982443200085,2495117246.5751576,0.19321909773043597,0.406780902269564,15.82392977280034,7.6437135831256615,16.09218107607485,20.0,31.525336841130517,48.47466315886949
3.9166666666666665,62036648069.10676,0.10235124256501395,38.886968007192564,2452678846.1496496,0.19232801421040244,0.4076719857895975,15.554787202877026,7.479053335486796,15.853127468828742,20.0,31.462960994728174,48.53703900527183
3.958333333333333,62138843021.02966,0.10105969566003216,38.23251620990288,2411401262.3909945,0.1914553028888037,0.4085446971111963,15.293006483961154,7.319817971168054,15.619691754773676,20.0,31.40187120221626,48.598128797783744
4.0,62239318073.62929,0.09979688900962812,37.59579745368936,2371242136.999095,0.1906005849709838,0.40939941502901617,15.038318981475744,7.1657809871238145,15.391697485089798,20.0,31.34204094796887,48.65795905203114
4.041666666666666,62338119829.337585,0.09856194873726536,36.97617041489321,2332161020.4081445,0.1897634894722065,0.4102365105277935,14.790468165957286,7.016727125249101,15.168975123686822,20.000000000000007,31.28344426305446,48.716555736945544
4.083333333333333,62435293205.18793,0.09735403415949864,36.373022422956375,2294119270.2607045,0.18894365305663138,0.41105634694336857,14.549208969182551,6.872451729304143,14.95136172446968,20.0,31.226055713964197,48.7739442860358
4.125,62530881508.115456,0.09617233629160471,35.78576794883688,2257079956.0690393,0.18814071987961067,0.4118592801203893,14.314307179534751,6.7327601433388695,14.738700625963258,20.0,31.16985039157275,48.83014960842725
4.166666666666666,62624926506.284996,0.09501607643021641,35.213847184816565,2221007769.6407504,0.1873543414332369,0.41264565856676305,14.085538873926627,6.59746714864195,14.530841162247986,20.0,31.11480390032658,48.885196099673415
4.208333333333333,62717468496.68669,0.09388450480853423,34.65672470950133,2185868940.877668,0.18658417639507546,0.4134158236049245,13.862689883800535,6.466396436473167,14.327638389227632,20.0,31.060892347655283,48.939107652344724
4.25,62808546369.22326,0.09277689931996701,34.1138882322783,2151631158.586257,0.18582989048001589,0.4141701095199841,13.64555529291132,6.339380114051779,14.128952825315201,20.0,31.008092333601113,48.991907666398895
4.291666666666666,62898197667.49769,0.0916925643063125,33.58484741192111,2118263495.964688,0.1850911562951774,0.4149088437048226,13.433938964768444,6.216258241469575,13.934650205683093,19.999999999999996,30.956380940662413,49.04361905933758
4.333333333333333,62986458646.496216,0.09063082940683105,33.06913274442626,2085736340.4564533,0.18436765319780632,0.41563234680219363,13.227653097770506,6.096878397376602,13.744601249279153,20.0,30.905735723846444,49.09426427615355
4.375,63073364327.34857,0.0895910484647901,32.56629451552352,2054021327.6830997,0.1836590671561031,0.41634093284389684,13.02651780620941,5.981095271451968,13.558681437862147,20.0,30.856134700927225,49.143865299072786
4.416666666666666,63158948549.335365,0.08857259848827005,32.075901813635795,2023091279.189637,0.182965090612919,0.417034909387081,12.83036072545432,5.8687702818229655,13.376770806358511,20.0,30.80755634290433,49.192443657095666
4.458333333333333,63243244019.3016,0.08757487866221574,31.597541599367624,1992920143.7553148,0.18228542235226258,0.4177145776477374,12.63901663974705,5.759771215733914,13.198753743886659,20.0,30.75997956465838,49.24002043534162
4.5,63326282358.62473,0.08659730940890494,31.130817827884325,1963482942.0403202,0.18161976736855928,0.4183802326314407,12.45232713115373,5.65397189189335,13.024518804837246,20.0,30.713383715799147,49.28661628420085
4.541666666666666,63408094147.87641,0.08563933149417377,30.67535062080125,1934755714.3551764,0.18096783673860597,0.41903216326139403,12.270140248320502,5.551251843044655,12.853958529436094,20.0,30.66774857170242,49.33225142829758
4.583333333333333,63488708969.30788,0.08470040517690167,30.230775484442784,1906715471.3547752,0.18032934749616564,0.41967065250383434,12.092310193777115,5.451496017412649,12.686969273253023,20.0,30.62305432473159,49.3769456752684
4.625,63568155447.28099,0.08378000939940652,29.796742571550364,1879340147.4728246,0.17970402250914788,0.4202959774908521,11.918697028620146,5.354594497777171,12.523451045153047,20.0,30.579281575640348,49.42071842435964
4.666666666666666,63646461286.759026,0.08287764101654312,29.372915983723118,1852608556.9253845,0.1790915903593215,0.42090840964067844,11.749166393489247,5.260442237015709,12.363307353218161,20.0,30.536411325152507,49.46358867484749
4.708333333333333,63723653309.96425,0.08199281406142672,28.95897311206209,1826500352.12398,0.17849178522450718,0.42150821477549283,11.583589244824836,5.168938809040465,12.20644505819679,20.0,30.494424965715506,49.5055750342845
4.75,63799757491.30275,0.08112505904582815,28.554604013663248,1800995984.3497684,0.17790434676319905,0.4220956532368009,11.4218416054653,5.079988174132582,12.052774234065367,20.0,30.453304273423935,49.546695726576054
4.791666666666666,63874798990.65066,0.08027392229340084,28.159510821765334,1776076666.550383,0.17732902000156522,0.4226709799984347,11.263804328706135,4.993498457747117,11.902208035312082,20.0,30.41303140010957,49.58696859989043
4.833333333333333,63948802185.090256,0.07943896530400808,27.77340718750688,1751724338.130434,0.17676555522277804,0.42323444477722194,11.109362875002752,4.909381741927948,11.75466257057618,20.0,30.373588865594463,49.62641113440554
4.875,64021790699.17902,0.0786197641475189,27.396017751384946,1727921631.6153512,0.1762137078586261,0.42378629214137387,10.958407100553979,4.827553868532282,11.610056782298685,20.0,30.334959550103825,49.66504044989617
4.916666666666666,64093787433.829666,0.07781590888553655,27.027077642635504,1704651841.0763066,0.17567323838336113,0.42432676161663885,10.810831057054202,4.7479342535203175,11.468312332060986,20.0,30.297126686835284,49.702873313164716
4.958333333333333,64164814593.87451,0.0770270030196107,26.666332004873595,1681898892.2113874,0.17514391220973313,0.42485608779026685,10.666532801949439,4.670445711617178,11.329353491306978,20.0,30.260073854681323,49.73992614531868
5.0,64234893714.383316,0.0762526629645681,26.31353554644108,1659647313.9851317,0.17462549958716964,0.4253745004128303,10.525414218576433,4.595014290702021,11.193107037162626,20.0,30.223784971101875,49.776215028898115
5.041666666666666,64304045685.79936,0.07549251754567417,25.968452114011555,1637882211.7349367,0.17411777550205376,0.4258822244979462,10.387380845604623,4.521569115323297,11.059502153083635,12.000000000000002,32.705888775102686,55.294111224897314
5.083333333333333,64372290777.95499,0.07474620751841067,25.630854288096476,1616589241.6588209,0.17362051958005856,0.42637948041994145,10.252341715238591,4.450042238780082,10.928470334077804,12.0,32.68102597900292,55.31897402099707
5.125,64439648663.0241,0.07401338510972354,25.300522999184103,1595754586.6045399,0.173133515990495,0.426866484009505,10.120209199673642,4.380368503247127,10.799945296263335,12.000000000000002,32.65667579952475,55.34332420047525
5.166666666666666,64506138437.46596,0.07329371357965792,24.977247163324275,1575364933.0851886,0.17265655335263214,0.42734344664736784,9.990898865329711,4.312485407456378,10.673862890538187,12.0,32.63282766763161,55.36717233236838
5.208333333333333,64571778643.01118,0.07258686680236005,24.66082333604824,1555407449.4512346,0.17218942464394849,0.4278105753560515,9.864329334419295,4.246332981480204,10.550161020148739,12.000000000000002,32.60947123219743,55.390528767802586
5.25,64636587286.73831,0.07189252886547998,24.351055383582697,1535869765.153328,0.17173192711027543,0.42826807288972457,9.74042215343308,4.181853668191703,10.428779561957914,12.000000000000002,32.58659635551377,55.41340364448622
5.291666666666666,64700581860.28637,0.0712103936870633,24.04775417038282,1516739951.0343852,0.17128386217779307,0.4287161378222069,9.619101668153128,4.118992211005299,10.309660291224391,12.000000000000002,32.564193108889654,55.43580689111035
5.333333333333333,64763779358.24613,0.07054016464907101,23.750737262070622,1498006500.5933182,0.17084503536684045,0.4291549646331595,9.50029490482825,4.057695547526991,10.192746809715382,12.000000000000002,32.54225176834203,55.45774823165798
5.375,64826196295.77085,0.06988155424671147,23.45982864292094,1479658312.1663096,0.17041525620750306,0.4295847437924969,9.383931457168377,3.9979127087674904,10.077984476985073,12.0,32.52076281037515,55.47923718962484
5.416666666666666,64887848725.44445,0.06923428375281528,23.174858447091253,1461684671.9749396,0.16999433815694048,0.4300056618430595,9.269943378836501,3.93959472359406,9.965320344660693,11.999999999999998,32.499716907847024,55.50028309215298
5.458333333333333,64948752253.443405,0.06859808289652332,22.89566270284023,1444075237.993539,0.16958209851841882,0.43041790148158116,9.158265081136092,3.88269452811754,9.854703093586599,12.0,32.47910492592094,55.52089507407906
5.5,65008922055.02647,0.06797268955559824,22.622083089026052,1426820024.591051,0.16917835836201225,0.43082164163798775,9.048833235610422,3.8271668797304668,9.746082973685166,11.999999999999998,32.45891791810061,55.54108208189938
5.541666666666666,65068372889.38443,0.06735784946170706,22.353966703219015,1409909387.9054298,0.1687829424469398,0.43121705755306017,8.941586681287607,3.772968275530224,9.639411746401183,12.0,32.439147122346995,55.560852877653
5.583333333333333,65127119113.88049,0.06675331591805644,22.09116584080253,1393334011.9110973,0.16839567914550305,0.43160432085449696,8.836466336321013,3.72005687487788,9.534642629603638,12.000000000000002,32.41978395727516,55.58021604272485
5.625,65185174697.71012,0.06615884952879514,21.833537784474153,1377084895.1423538,0.1680164003685924,0.4319835996314076,8.733415113789661,3.668392425858999,9.431730244825493,12.0,32.40082001842961,55.59917998157038
5.666666666666666,65242553235.00772,0.06557421793962855,21.580944603593373,1361153338.0378413,0.16764494149272896,0.432355058507271,8.63237784143735,3.6179361954272355,9.330630566728788,12.0,32.38224707463645,55.61775292536355
5.708333333333333,65299267957.425964,0.06499919558912098,21.333252962855997,1345530930.8732536,0.167281141288611,0.432718858711389,8.533301185142399,3.5686509030251936,9.231300874688406,11.999999999999998,32.36405706443055,55.635942935569446
5.75,65355331746.21235,0.06443356347018596,21.090333939804662,1330209542.2513597,0.1669248418511332,0.43307515814886677,8.436133575921865,3.520500657489481,9.133699706393315,12.0,32.346242092556665,55.653757907443335
5.791666666666666,65410757143.80615,0.06387710890129292,20.852062850714447,1315181308.1202617,0.1665758885308491,0.4334241114691509,8.340825140285778,3.473450897058869,9.037786813369799,11.999999999999998,32.32879442654245,55.67120557345754
5.833333333333333,65465556364.97783,0.0633296253069418,20.61831908441892,1300438621.2924702,0.1662341298668465,0.4337658701331535,8.247327633767568,3.427468332315375,8.943523118335978,12.0,32.31170649334232,55.68829350665767
5.875,65519741307.531685,0.06279091200698109,20.388985943667358,1285974121.4389875,0.16589941752100673,0.43410058247899325,8.155594377466944,3.3825208918984084,8.850870674302005,12.000000000000002,32.294970876050336,55.70502912394966
5.916666666666666,65573323562.591644,0.06226077401436474,20.163950493626817,1271780685.5340307,0.16557160621361972,0.43442839378638026,8.065580197450727,3.3385776708417025,8.759792625334388,11.999999999999998,32.27858031068098,55.72141968931902
5.958333333333333,65626314424.4889,0.061739021840965747,19.943103417165283,1257851418.7274487,0.16525055366032598,0.434749446339674,7.977241366866114,3.2956088813917024,8.670253168907466,12.0,32.2625276830163,55.73747231698369
6.0,65678724900.26921,0.06122547131108285,19.726338876572644,1244179645.6231897,0.16493612051035916,0.4350638794896408,7.890535550629058,3.2535858061745686,8.582217519769017,12.000000000000002,32.24680602551796,55.75319397448205
6.041666666666666,65730565718.836845,0.06071994338229411,19.513554381395203,1230758901.9433582,0.16462817028606186,0.4353718297139381,7.805421752558082,3.212480753586658,8.495651875250463,12.000000000000002,32.2314085143031,55.7685914856969
6.083333333333333,65781847339.75115,0.06022226397333032,19.304650662078206,1217582926.5585966,0.1643265693236481,0.4356734306763519,7.721860264831283,3.172267015290803,8.41052338195612,12.000000000000002,32.21632846618241,55.7836715338176
6.125,65832579961.69109,0.05973226379865537,19.09953154912728,1204645653.866556,0.16403118671518768,0.4359688132848123,7.639812619650913,3.1329188257075153,8.326800103768853,12.0,32.201559335759384,55.79844066424061
6.166666666666666,65882773530.6022,0.05924977820945799,18.898103857516123,1191941206.501257,0.16374189425178645,0.43625810574821355,7.55924154300645,3.094411323396683,8.244450991112991,12.000000000000002,32.18709471258933,55.81290528741067
6.208333333333333,65932437747.53976,0.058774647040772544,18.70027727608259,1179463888.3570812,0.16345856636793785,0.4365414336320621,7.480110910433037,3.0567205142313862,8.163445851418167,12.000000000000002,32.1729283183969,55.827071681603115
6.25,65981582076.2213,0.05830671446446109,18.505964261669437,1167208177.9120147,0.16318108008702223,0.4368189199129777,7.4023857046677755,3.0198232362710513,8.08375532073061,12.000000000000002,32.15905400435111,55.84094599564888
6.291666666666666,66030215750.300964,0.0578458288478013,18.31507993777918,1155168721.8356085,0.1629093149679296,0.4370906850320704,7.326031975111673,2.983697126246477,8.005350836421032,12.0,32.14546574839648,55.85453425160352
6.333333333333333,66078347780.37745,0.05739184261743848,18.127541997525388,1143340328.8679214,0.16264315305278293,0.43735684694721705,7.251016799010156,2.948320587574272,7.92820461094096,12.0,32.13215765263915,55.86784234736085
6.375,66125986960.74695,0.056944612128470004,17.94327061067384,1131717963.9564204,0.16238247881573925,0.4376175211842607,7.177308244269536,2.9136727598228216,7.852289606581482,12.000000000000002,32.11912394078696,55.88087605921304
6.416666666666666,66173141875.9118,0.05650399753844244,17.762188334578376,1120296742.6385274,0.16212717911284658,0.4378728208871534,7.104875333831351,2.879733489556303,7.777579511190723,12.000000000000002,32.106358955642335,55.893641044357665
6.458333333333333,66219820906.85507,0.05606986268605224,17.584220028826696,1109071925.6581573,0.16187714313293433,0.43812285686706565,7.033688011530678,2.84648330248739,7.7040487148086285,11.999999999999996,32.09385715664671,55.90614284335328
6.5,66266032237.09083,0.05564207497435083,17.409292773421083,1098038913.8052144,0.1616322623495166,0.43836773765048337,6.963717109368433,2.81390337687314,7.631672287179509,12.0,32.08161311747583,55.918386882524175
6.541666666666666,66311783858.49938,0.055220505258263185,17.23733579032783,1087193242.967557,0.16139243047368682,0.4386075695263132,6.894934316131132,2.7819755180920773,7.56042595610462,12.000000000000002,32.06962152368434,55.93037847631565
6.583333333333333,66357083576.95636,0.054805027736240255,17.068280368238774,1076530579.385556,0.16115754340798388,0.4388424565920161,6.82731214729551,2.7506821343440797,7.490286086599185,12.000000000000002,32.057877170399195,55.942122829600805
6.625,66401939017.76409,0.05439551984587106,16.902059790395178,1066046715.0998046,0.16092749920120927,0.4390725007987907,6.760823916158071,2.7200062134176113,7.4212296608194945,12.0,32.04637496006046,55.953625039939524
6.666666666666666,66446357630.89325,0.053991862163291576,16.738609265333427,1055737563.5831099,0.1607021980041757,0.43929780199582424,6.695443706133371,2.6899313004721424,7.3532342587279125,12.0,32.03510990020879,55.96489009979121
6.708333333333333,66490346696.04255,0.05359393830623227,16.577865860417873,1045599155.5482762,0.16048154202636847,0.43951845797363154,6.631146344167149,2.66044147678615,7.286278039464574,12.0,32.024077101318426,55.975922898681574
6.75,66533913327.52373,0.05320163484055523,16.419768438034016,1035627634.9236814,0.1602654354934998,0.43973456450650017,6.567907375213607,2.631521339423945,7.220339723396465,12.0,32.013271774675,55.98672822532501
6.791666666666666,66577064478.97888,0.05281484119013775,16.264257594321027,1025819254.9890157,0.16005378460593897,0.439946215394061,6.505703037728411,2.6031559817769647,7.155398574815651,12.0,32.00268923029695,55.997310769703056
6.833333333333333,66619806947.93676,0.052433449549966676,16.111275600329346,1016170374.6639726,0.15984649749799895,0.440153502502001,6.444510240131739,2.575330974937616,7.091434385259991,12.0,31.992324874899953,56.00767512510005
6.875,66662147380.214424,0.052057354802312786,15.960766345494221,1006677454.9430115,0.15964348419806282,0.44035651580193713,6.384306538197689,2.5480323498658795,7.028427457430651,12.000000000000002,31.982174209903143,56.01782579009685
6.916666666666666,66704092274.17038,0.05168645443586126,15.812675283321854,997337055.4696759,0.1594446565895321,0.44055534341046787,6.325070113328742,2.5212465803110353,6.966358589682076,12.000000000000002,31.97223282947661,56.02776717052339
6.958333333333333,66745647984.81495,0.05132064846767988,15.666949379190063,988145831.2442757,0.15924992837258042,0.4407500716274195,6.266779751676026,2.4949605664528605,6.905209061061176,12.000000000000002,31.962496418629026,56.03750358137097
7.0,66786820727.78346,0.050959839367911444,15.523537060169971,979100529.4590404,0.15905921502669554,0.44094078497330447,6.209414824067989,2.4691616192284522,6.8449606168735295,12.0,31.952960751334775,56.04703924866522
7.041666666666666,66827616583.17759,0.05060393198708216,15.38238816677992,970197986.4551431,0.15887243377399385,0.44112756622600613,6.1529552667119685,2.4438374453126097,6.7855954547553425,12.000000000000002,31.943621688699697,56.056378311300314
7.083333333333333,66868041499.279884,0.05025283348592262,15.24345390658723,961435124.7962698,0.15868950354329103,0.44131049645670894,6.097381562634893,2.418976132721368,6.727096211230971,12.0,31.93447517716455,56.06552482283544
7.125,66908101296.14639,0.049906453267602506,15.10668680957748,952808950.4536709,0.15851034493491392,0.4414896550650861,6.042674723830992,2.3945661370098406,6.669445948736647,12.0,31.925517246745695,56.07448275325431
7.166666666666666,66947801669.08196,0.04956470291228465,14.972040685214962,944316550.0978781,0.15833488018623726,0.4416651198137627,5.988816274085985,2.3705962680369805,6.612628143091996,12.000000000000002,31.91674400931187,56.083255990688144
7.208333333333333,66987148192.00271,0.04922749611390794,14.839470581121484,935955088.4924942,0.1581630331379316,0.4418369668620684,5.935788232448594,2.347055677271278,6.556626671401611,12.000000000000002,31.908151656896578,56.09184834310342
7.25,67026146320.689896,0.048894748619112645,14.708932743304368,927721805.9856931,0.15799472920090663,0.44200527079909335,5.883573097321747,2.3239338456127223,6.501425800369899,12.000000000000002,31.89973646004533,56.10026353995467
7.291666666666666,67064801395.9393,0.04856637816822535,14.58038457786759,919614016.0952647,0.15782989532393651,0.44217010467606344,5.8321538311470364,2.3012205717075798,6.447010175012974,12.000000000000002,31.891494766196832,56.108505233803164
7.333333333333333,67103118646.60994,0.04824230443822473,14.453784614143446,911629103.1832554,0.15766845996195222,0.44233154003804775,5.781513845657379,2.278905960733757,6.39336480775231,12.000000000000002,31.883422998097615,56.11657700190239
7.375,67141103192.575905,0.04792244898761231,14.329092469184834,903764520.2164259,0.15751035304498803,0.4424896469550119,5.731636987673934,2.2569804136355827,6.3404750678753174,12.000000000000002,31.875517652249407,56.12448234775059
7.416666666666666,67178760047.58492,0.04760673520311513,14.206268813560943,896017786.6089158,0.15735550594776812,0.44264449405223183,5.682507525424377,2.235434616787882,6.288326671348683,12.0,31.867775297388405,56.13222470261159
7.458333333333333,67216094122.02696,0.047295088248152185,14.08527533840245,888386486.1437193,0.15720385145992005,0.4427961485400799,5.634110135360981,2.214259532070294,6.236905670971176,12.000000000000002,31.860192572996006,56.139807427003994
7.5,67253110225.61629,0.046987435012996924,13.96607472364395,880868264.9696712,0.15705532375680273,0.4429446762431972,5.58642988945758,2.1934463873335996,6.18619844685277,12.000000000000002,31.852766187840135,56.14723381215987
7.541666666666666,67289813069.99002,0.046683704066572886,13.848630607414474,873460829.6708457,0.15690985837093557,0.4430901416290644,5.53945224296579,2.1729866672408087,6.136191697207876,12.000000000000002,31.845492918546782,56.15450708145322
7.583333333333333,67326207271.2263,0.04638382560982106,13.732907556528788,866161945.4053837,0.1567673921640168,0.4432326078359832,5.493163022611515,2.152872104466539,6.086872429450734,12.000000000000002,31.838369608200846,56.161630391799164
7.625,67362297352.28486,0.046087731430581126,13.618871038034724,858969434.1109262,0.15662786329951872,0.44337213670048126,5.44754841521389,2.1330946712390775,6.038227951581757,11.999999999999998,31.831393164975935,56.16860683502406
7.666666666666666,67398087745.37281,0.04579535485992989,13.506487391773378,851881172.7739305,0.15649121121584791,0.44350878878415206,5.402594956709351,2.1136465712101944,5.990245863853832,12.000000000000002,31.8245605607924,56.17543943920761
7.708333333333333,67433582794.23839,0.04550663072992366,13.39572380391132,844895091.7602948,0.15635737660005894,0.44364262339994104,5.3582895215645285,2.0945202316385365,5.942914050708255,12.000000000000002,31.81786883000295,56.18213116999705
7.75,67468786756.395065,0.04522149533269303,13.286548281405693,838009173.2048199,0.1562263013621099,0.44377369863789007,5.314619312562278,2.0757082958731092,5.896220672970307,12.000000000000002,31.811315068105493,56.18868493189451
7.791666666666666,67503703805.2786,0.04493988638084054,13.178929627364802,831221449.4571528,0.15609792860964888,0.4439020713903511,5.2715718509459215,2.057203616123977,5.850154160294903,12.000000000000002,31.804896430482444,56.195103569517556
7.833333333333333,67538338032.33932,0.044661742969094226,13.072837417268579,824530001.5819638,0.1559722026233201,0.44402779737667986,5.229134966907432,2.0389992465079354,5.804703203853211,12.000000000000002,31.79861013116601,56.201389868833985
7.875,67572693449.0719,0.04438700553717113,12.96824197601464,817932957.9111954,0.1558490688325794,0.44415093116742055,5.187296790405856,2.0210884363574513,5.759856749251332,12.000000000000002,31.792453441628975,56.207546558371035
7.916666666666666,67606773988.98486,0.0441156158338077,12.865114355757594,811428492.646343,0.1557284737920082,0.4442715262079918,5.146045742303038,2.0034646237817846,5.715603989672772,12.0,31.786423689600408,56.213576310399596
7.958333333333333,67640583509.511795,0.043847516881914975,12.76342631451024,805014824.5087898,0.1556103651581158,0.4443896348418842,5.105370525804096,1.9861214294696423,5.671934359236501,12.0,31.780518257905786,56.2194817420942
8.0,67674125793.866325,0.04358265294481862,12.663150295477031,798690215.4363273,0.15549469166662025,0.44450530833337976,5.065260118190813,1.9690526507232722,5.628837526562947,12.000000000000002,31.774734583331014,56.22526541666899
8.041666666666666,67707404552.84284,0.043320969493544886,12.564259407091154,792452969.3240533,0.15538140311019713,0.4446185968898029,5.025703762836462,1.952252255714317,5.586303388540375,12.0,31.769070155509855,56.23092984449014
8.083333333333332,67740423426.564674,0.04306241317511619,12.466727403728191,786301430.8079444,0.1552704503166876,0.44472954968331235,4.986690961491277,1.9357143779522656,5.544322064284648,12.000000000000002,31.763522515834385,56.23647748416561
8.125,67773185986.18167,0.04280693178181983,12.370528667069998,780233984.0894389,0.1551617851277554,0.44483821487224456,4.948211466827999,1.9194333109566535,5.502883889285345,12.0,31.758089256387766,56.24191074361223
8.166666666666666,67805695735.51873,0.04255447422141671,12.275638188094247,774249051.7994803,0.15505536037798426,0.4449446396220157,4.910255275237699,1.9034035031246992,5.461979409731849,12.000000000000002,31.752768018899214,56.247231981100796
8.208333333333332,67837956112.67704,0.0423049904882566,12.182031549665412,768345093.9004968,0.15495112987440574,0.44504887012559424,4.872812619866165,1.8876195527863135,5.421599377012933,12.0,31.747556493720285,56.25244350627972
8.25,67869970491.58956,0.04205843163526855,12.089684909704497,762520606.624882,0.15484904837644975,0.44515095162355023,4.835873963881799,1.8720762034388665,5.3817347423838315,12.000000000000002,31.74245241882249,56.25754758117751
8.291666666666666,67901742183.532265,0.04181474974679651,11.998574984915686,756774121.4486022,0.15474907157630807,0.4452509284236919,4.799429993966275,1.8567683391544172,5.342376651794995,12.000000000000002,31.737453578815405,56.26254642118459
8.333333333333332,67933274438.59262,0.04157389791225057,11.908679035048806,751104204.0985982,0.15465115607970278,0.44534884392029717,4.763471614019522,1.8416909801524173,5.303516440876866,12.000000000000002,31.732557803985138,56.26744219601486
8.375,67964570447.096725,0.041335830200546125,11.819974847677594,745509453.5927212,0.1545552593870514,0.4454447406129486,4.727989939071038,1.826839278531234,5.265145630075323,11.999999999999998,31.72776296935257,56.27223703064743
8.416666666666666,67995633340.99642,0.04110050163530412,11.732440723474625,739988501.3109915,0.15446133987501998,0.44553866012498,4.69297628938985,1.8122085141521393,5.227255919932635,12.0,31.723066993750997,56.276933006248996
8.458333333333332,68026466195.21771,0.04086786817078633,11.646055461964329,734540010.0970142,0.15436935677845712,0.4456306432215429,4.6584221847857314,1.7977940906696708,5.189839186508927,11.999999999999998,31.718467838922855,56.28153216107714
8.5,68057072028.971756,0.04063788666854073,11.56079834773648,729162673.3884352,0.15427927017269977,0.4457207298273002,4.624319339094592,1.7835915317025373,5.15288747693935,12.000000000000002,31.71396350863499,56.286036491364996
8.541666666666666,68087453807.02961,0.040410514874733294,11.476649137103266,723855214.3753772,0.15419104095624442,0.44580895904375556,4.590659654841306,1.7695964771395372,5.116393005122423,12.0,31.709552047812224,56.29044795218778
8.583333333333332,68117614440.961914,0.040185711398142976,11.393588045183666,718616385.1858242,0.15410463083377524,0.44589536916622474,4.557435218073467,1.7558046795751439,5.080348147535055,12.000000000000002,31.705231541688768,56.294768458311225
8.625,68147556790.34466,0.03996343568879751,11.311595733399464,713444966.096971,0.15402000229954224,0.4459799977004577,4.524638293359786,1.7422120008696778,5.044745439170001,12.0,31.701000114977113,56.29899988502288
8.666666666666666,68177283663.93203,0.039743648017229447,11.230653297368256,708339764.7716106,0.15393711862108228,0.4460628813789177,4.492261318947302,1.7288144088292265,5.009577569591728,12.0,31.696855931054113,56.30314406894589
8.708333333333332,68206797820.797516,0.0395263094543307,11.150742255178665,703299615.5186287,0.15385594382327542,0.4461440561767246,4.460296902071466,1.715607974000592,4.974837379106607,12.000000000000002,31.692797191163773,56.307202808836244
8.75,68236101971.44412,0.03931138185178714,11.071844536034515,698323378.5767689,0.1537764426727302,0.4462235573272698,4.4287378144138065,1.7025888665768925,4.940517855043816,12.000000000000002,31.688822133636513,56.31117786636348
8.791666666666666,68265198778.88482,0.03909882782307296,10.99394246925429,693409939.4208065,0.15369858066249087,0.4463014193375091,4.397576987701716,1.6897533534094644,4.906612128143109,12.000000000000002,31.684929033124543,56.31507096687546
8.833333333333332,68294090859.694016,0.038888610724987484,10.917018773613604,688558208.0893573,0.15362232399705986,0.4463776760029401,4.366807509445442,1.677097795122054,4.873113469046108,12.000000000000002,31.681116199852998,56.318883800147
8.875,68322780785.031075,0.03868069463971599,10.841056547018217,683767118.533533,0.153547639577729,0.446452360422271,4.336422618807287,1.6646186433233325,4.840015284887598,12.0,31.677381978886448,56.322618021113556
8.916666666666666,68351271081.636635,0.03847504435739826,10.76603925649619,679035627.9857278,0.15347449498821325,0.4465255050117867,4.306415702598477,1.6523124379140317,4.8073111159836825,12.0,31.67372474941066,56.32627525058934
8.958333333333332,68379564232.802704,0.03827162535918742,10.691950728497607,674362716.3478011,0.15340285848058074,0.4465971415194192,4.276780291399043,1.6401758044850607,4.774994632613503,12.000000000000002,31.670142924029044,56.32985707597097
9.0,68407662679.31719,0.038070403800784546,10.618775139491479,669747385.5980066,0.1533326989614727,0.44666730103852725,4.2475100557965915,1.6282054518032174,4.74305963189167,12.0,31.666634948073636,56.333365051926364
9.041666666666666,68435568820.38377,0.03787134649643264,10.546497006849174,665188659.2159911,0.1532639859786075,0.4467360140213925,4.2185988027396695,1.6163981693811578,4.711500034728347,11.999999999999998,31.663199298930365,56.33680070106962
9.083333333333332,68463285014.51778,0.03767442090335608,10.475101180004586,660685581.6252493,0.15319668970756317,0.4468033102924368,4.190040472001835,1.6047508251284914,4.68030988287426,12.000000000000002,31.65983448537816,56.340165514621845
9.125,68490813580.41883,0.03747959510663104,10.404572831881422,656237217.652425,0.15313078093883234,0.4468692190611676,4.161829132752569,1.5932603630809608,4.649483336047893,12.0,31.656539046941617,56.343460953058376
9.166666666666666,68518156797.821014,0.03728683780447317,10.334897450578383,651842652.0028797,0.1530662310651439,0.4469337689348561,4.133958980231354,1.5819238012047971,4.619014669142232,12.000000000000002,31.653311553257197,56.34668844674281
9.208333333333332,68545316908.32114,0.03709611829392949,10.266060831303433,647500988.75197,0.15300301206904623,0.44699698793095377,4.106424332521374,1.570738229273482,4.588898269508578,12.0,31.65015060345231,56.34984939654768
9.25,68572296116.1858,0.036907406456961986,10.198049068548734,643211350.8515058,0.15294109651074655,0.4470589034892534,4.079219627419493,1.5597008068142413,4.559128634315,12.0,31.647054825537328,56.352945174462675
9.291666666666666,68599096589.13795,0.03672067274691009,10.13084854849786,638972879.6508571,0.15288045751620066,0.4471195424837993,4.052339419399145,1.5488087611216903,4.529700367977026,12.000000000000002,31.644022875810034,56.35597712418997
9.333333333333332,68625720459.1234,0.036535888175321045,10.064445941657722,634784734.4322358,0.15282106876544857,0.44717893123455144,4.025778376663089,1.5380593853362143,4.5006081796584185,12.0,31.641053438272426,56.35894656172758
9.375,68652169823.058075,0.036353024299135735,9.998828195707286,630646091.9596499,0.15276290448119043,0.4472370955188095,3.9995312782829147,1.5274500365846657,4.471846880839705,12.0,31.63814522405952,56.36185477594048
9.416666666666666,68678446743.5564,0.03617205320822005,9.933982528556179,626556146.0410953,0.15270593941759814,0.44729406058240184,3.9735930114224716,1.516978134181178,4.443411382952529,12.000000000000002,31.635296970879907,56.364703029120086
9.458333333333332,68704553249.64144,0.035992947513230254,9.869896421605853,622514107.1035243,0.15265014884935746,0.4473498511506425,3.9479585686423415,1.5066411578858743,4.415296695077638,12.0,31.632507442467872,56.36749255753212
9.5,68730491337.43742,0.035815680333802544,9.806557613206733,618519201.7801751,0.15259550856093618,0.4474044914390638,3.9226230452826933,1.4964366462194016,4.387497921704638,12.000000000000002,31.629775428046813,56.3702245719532
9.541666666666666,68756262970.84492,0.035640225287057,9.743954092304888,614570672.5098538,0.15254199483607359,0.4474580051639264,3.8975816369219554,1.4863621948313102,4.360010260551623,12.0,31.627099741803676,56.37290025819631
9.583333333333332,68781870082.19951,0.03546655647640576,9.682074092271733,610667777.1477628,0.1524895844474865,0.4475104155525135,3.8728296369086936,1.476415454920292,4.332829000442748,12.000000000000002,31.62447922237433,56.375520777625674
9.625,68807314572.914,0.03529464848065723,9.620906084911189,606809788.5875185,0.15243825464678765,0.44756174535321236,3.8483624339644757,1.4665941317045206,4.305949519242192,12.000000000000002,31.621912732339393,56.378087267660625
9.666666666666666,68832598314.10515,0.035124476343406055,9.560438774637921,602995994.393963,0.15238798315461194,0.44761201684538804,3.8241755098551686,1.4568959829402222,4.2793672818425295,12.000000000000002,31.619399157730598,56.3806008422694
9.708333333333332,68857723147.2049,0.034956015562701476,9.500661092821584,599225696.446443,0.15233874815094609,0.4476612518490539,3.800264437128634,1.4473188174868394,4.253077838206111,12.000000000000002,31.6169374075473,56.383062592452696
9.75,68882690884.55682,0.03478924208098492,9.441562192291387,595498210.5922024,0.15229052826565798,0.447709471734342,3.7766248769165554,1.4378604939171193,4.227076821457713,12.000000000000002,31.6145264132829,56.385473586717104
9.791666666666666,68907503309.99817,0.03462413227528908,9.383131441995879,591812866.3095641,0.15224330256922097,0.447756697430779,3.7532525767983516,1.4285189191705492,4.201359946026978,12.000000000000002,31.612165128461044,56.38783487153894
9.833333333333332,68932162179.42773,0.03446066294769102,9.325358421813073,588169006.3805941,0.15219705056362962,0.44780294943637033,3.7301433687252294,1.4192920472486537,4.1759230058391905,11.999999999999998,31.609852528181477,56.39014747181851
9.875,68956669221.36026,0.03429881131601098,9.268232917505816,584565986.5729269,0.1521517521735026,0.44784824782649735,3.7072931670023266,1.4101778779506442,4.150761872552845,12.0,31.607587608675132,56.392412391324875
9.916666666666666,68981026137.46747,0.03413855500475031,9.211744915818029,581003175.3304747,0.1521073877373692,0.4478926122626308,3.684697966327212,1.4011744556480725,4.125872493842745,12.000000000000002,31.605369386868464,56.39463061313153
9.958333333333332,69005234603.10623,0.03397987203626147,9.155884599707232,577479953.4727346,0.15206393799913537,0.4479360620008646,3.662353839882893,1.3922798680971191,4.10125089172722,12.0,31.60319689995677,56.396803100043236
10.0,69029296267.83426,0.03382274082214261,9.100642343708937,573995713.9024101,0.15202138409972563,0.4479786159002743,3.640256937483575,1.3834922452872038,4.076893160938158,12.0,31.601069204986278,56.39893079501371
