year,circulating_supply,emission_rate,block_reward,annual_emissions,wk_weight,wp_weight,compute_security_pool,knowledge_vault_pool,personal_data_pool,pro_miners_pct,enterprise_pct,retail_pct,pro_miners_tokens,enterprise_tokens,retail_tokens,pro_miners_compute,enterprise_compute,retail_compute,enterprise_kv,retail_kv,retail_pdp
0.08333333333333333,50000000.0,0.9533893814183212,14.360095008044855,905719912.3474051,0.29183789142182764,0.10816210857817238,7.8980522544246705,4.714672328735539,1.747370424884646,38.5,46.048586506460055,15.451413493539953,5.528636578097269,6.612620772189387,2.2188376577582,5.528636578097269,2.3694156763274012,0.0,4.243205095861986,0.47146723287355397,1.747370424884646
0.16666666666666666,125476659.36228375,0.8780380030888544,12.174415393013291,767864727.6681343,0.2840088829258647,0.11599111707413534,6.69592846615731,3.8898473805508016,1.5886395463051801,38.5,45.2558993962438,16.244100603756202,4.687149926310117,5.509641182342914,1.9776242843602603,4.687149926310117,2.008778539847193,0.0,3.5008626424957217,0.38898473805508016,1.5886395463051801
0.25,189465386.6679616,0.8091260417137823,10.398031826442214,655824663.3573633,0.27649938051691914,0.12350061948308089,5.718917504543218,3.234430528432292,1.4446837934667052,38.49999999999999,44.49556227733807,17.004437722661944,4.003242253180252,4.626662726952028,1.7681268463099344,4.003242253180252,1.7156752513629654,0.0,2.910987475589063,0.3234430528432292,1.4446837934667052
0.3333333333333333,244117441.94774187,0.7464067270312478,8.945266143071303,564195826.1757932,0.2692963449781228,0.1307036550218772,4.9198963786892165,2.710043411833858,1.3153263525482282,38.49999999999999,43.766254929034936,17.733745070965064,3.443927465082451,3.915007984257237,1.586330693731614,3.443927465082451,1.4759689136067649,0.0,2.4390390706504723,0.2710043411833858,1.3153263525482282
0.41666666666666663,291133760.79572463,0.6895163138997418,7.7494741930508715,488774836.30410457,0.262387269230127,0.13761273076987302,4.26221080617798,2.2875337929194552,1.1997295939534371,38.50000000000001,43.06671100955036,18.433288990449643,2.983547564324586,3.3374436554809037,1.4284829732453828,2.983547564324586,1.2786632418533939,0.0,2.0587804136275096,0.22875337929194553,1.1997295939534371
0.5,331864997.1544,0.6380250949570115,6.758734440554717,426286898.6346671,0.255760156614281,0.14423984338571905,3.7173039423050946,1.9446918514094351,1.0967386468401874,38.50000000000001,42.395715857195945,19.10428414280405,2.6021127596135663,2.86541384896002,1.2912078319811309,2.6021127596135663,1.1151911826915284,0.0,1.7502226662684917,0.19446918514094352,1.0967386468401874
0.5833333333333333,367388905.3739556,0.5914756420606357,5.932490699020504,374174053.36862123,0.24940350006208653,0.1505964999379135,3.2628698844612773,1.664531937474174,1.0050888770850528,38.49999999999999,41.75210438128626,19.74789561871374,2.284008919122894,2.4769397090651397,1.1715420708324702,2.284008919122894,0.9788609653383832,0.0,1.4980787437267566,0.1664531937474174,1.0050888770850528
0.6666666666666666,398570076.48800737,0.5494096591976566,5.238955627029372,330431409.3079966,0.24330626211475787,0.15669373788524216,2.881425594866155,1.434004549872293,0.9235254822909242,38.50000000000001,41.13475903911923,20.36524096088077,2.0169979164063085,2.1550317733449105,1.0669259372781537,2.0169979164063085,0.8644276784598465,0.0,1.290604094885064,0.1434004549872293,0.9235254822909242
0.75,426106027.2636737,0.5113855851290331,4.653112396147127,293481105.0497916,0.23745785575819445,0.16254214424180558,2.55921181788092,1.2430328537148423,0.8508677245513648,38.49999999999999,40.542607895517186,20.957392104482818,1.7914482725166436,1.886493113707634,0.9751710099228491,1.7914482725166436,0.7677635453642759,0.0,1.118729568343358,0.12430328537148423,0.8508677245513648
0.8333333333333333,450562786.01782304,0.4769891701970321,4.155181392261666,262075600.77272776,0.23184812604008875,0.16815187395991127,2.2853497657439164,1.0837923965465783,0.7860392299711713,38.5,39.97462276155899,21.525377238441017,1.5997448360207414,1.6610180866150954,0.894418469625829,1.5997448360207414,0.6856049297231749,0.0,0.9754131568919205,0.10837923965465784,0.7860392299711713
0.9166666666666666,472402419.41555035,0.4458389979867446,3.7294453429097185,235223576.66800177,0.22646733243724995,0.17353266756275007,2.051194938600345,0.9501722305641999,0.7280781737451734,38.49999999999999,39.42981740927156,22.070182590728443,1.4358364570202415,1.4705134890878835,0.8230953968015934,1.4358364570202415,0.6153584815801035,0.0,0.8551550075077798,0.09501722305641999,0.7280781737451734
1.0,492004384.13788384,0.41758854412038504,3.36334902408992,212133149.64739946,0.22130613194252668,0.17869386805747334,1.8498419632494563,0.8373709832557638,0.6761360775847004,38.5,38.907245859180826,22.592754140819178,1.2948893742746193,1.3085864739050241,0.7598731759102768,1.2948893742746193,0.5549525889748369,0.0,0.7536338849301873,0.08373709832557638,0.6761360775847004
1.0833333333333333,509682146.6085005,0.39192598116759375,3.046808500990167,192168305.77445182,0.21635556284196167,0.18364443715803835,1.675744675544592,0.7415932141163262,0.629470611329249,38.5,38.40600073774861,23.093999262251383,1.1730212728812144,1.170157295368071,0.7036299327408816,1.1730212728812144,0.5027234026633776,0.0,0.6674338927046936,0.07415932141163262,0.629470611329249
1.1666666666666665,525696172.0897048,0.36857260554900934,2.7716799479129635,174815397.67476642,0.21160702915400942,0.1883929708459906,1.52442397135213,0.6598203294865519,0.5874356470742816,38.49999999999999,37.92521170184345,23.57478829815655,1.0670967799464908,1.0511654879435357,0.6534176800229369,1.0670967799464908,0.45732719140563893,0.0,0.5938382965378968,0.06598203294865519,0.5874356470742816
1.25,540264121.8959353,0.347280496563726,2.531349949837332,159657304.0361402,0.20705228570379808,0.19294771429620194,1.3922424724105327,0.5896370171587659,0.5494704602680336,38.5,37.46404392750956,24.035956072490453,0.9745697306873728,0.9483460571660491,0.6084341619839102,0.9745697306873728,0.41767274172315977,0.0,0.5306733154428893,0.058963701715876594,0.5494704602680336
1.3333333333333333,553568897.2322803,0.3278298172266666,2.3204183603602355,146353426.82464078,0.2026834238065184,0.1973165761934816,1.2762300981981296,0.5290991301839851,0.5150891319781208,38.5,37.02169666040999,24.478303339590013,0.8933610687386907,0.8590582466250255,0.5679990449965193,0.8933610687386907,0.38286902945943885,0.0,0.47618921716558665,0.052909913018398515,0.5150891319781208
1.4166666666666665,565765016.1343336,0.31002602146274805,2.1344518078991177,134624144.42781314,0.19849285753508197,0.20150714246491805,1.1739484943445149,0.4766326184484199,0.4838706951061831,38.5,36.59740182542705,24.902598174572955,0.8217639460411603,0.7811539049069324,0.5315339569510251,0.8217639460411603,0.35218454830335444,0.0,0.42896935660357793,0.04766326184484199,0.4838706951061831
1.5,576983694.8366513,0.2936971304797779,1.969791269860375,124238674.97263357,0.19447331054820294,0.20552668945179708,1.0833851984232064,0.43095580800603267,0.4554502634311361,38.5,36.190422693005544,25.309577306994452,0.7583696388962444,0.7128757867323913,0.49854584423173937,0.7583696388962444,0.3250155595269619,0.0,0.3878602272054294,0.04309558080060327,0.4554502634311361
1.5833333333333333,587336917.7510375,0.2786911718553375,1.8234011601566287,115005557.97339888,0.1906178034560338,0.20938219654396623,1.0028706380861458,0.3910193144642703,0.42951120760621264,38.5,35.80005259992342,25.699947400076578,0.7020094466603021,0.6527785744436869,0.4686131390526397,0.7020094466603021,0.3008611914258437,0.0,0.35191738301784325,0.039101931446427034,0.42951120760621264
1.6666666666666665,596920714.2488207,0.26487382898231887,1.6927504090622325,106765153.80037312,0.18691964170141567,0.21308035829858435,0.9310127249842279,0.355959337445817,0.4057783466321877,38.5,35.42561372226834,26.074386277731666,0.6517089074889595,0.5996672211965037,0.4413742803767694,0.6517089074889595,0.2793038174952684,0.0,0.3203634037012353,0.0355959337445817,0.4057783466321877
1.75,605817810.3988518,0.25212631904550625,1.575718298094802,99383704.49743535,0.1833724039357017,0.21662759606429832,0.8666450639521411,0.325061158778006,0.38401207536465487,38.5,35.06645589848979,26.433544101510204,0.6066515447664987,0.5525485620858477,0.4165181912424555,0.6066515447664987,0.25999351918564234,0.0,0.2925550429002054,0.032506115877800605,0.38401207536465487
1.8333333333333333,614099785.773638,0.24034349948779188,1.47051953228457,92748607.94025241,0.17996993086896948,0.22003006913103054,0.8087857427565136,0.29773046088756383,0.3640033286404928,38.5,34.72195550048316,26.778044499516845,0.5661500199295595,0.5105931376257615,0.39377637472924915,0.5661500199295595,0.24263572282695406,0.0,0.26795741479880747,0.029773046088756385,0.3640033286404928
1.9166666666666665,621828836.4353257,0.2294321922677245,1.3756443288476572,86764639.10907944,0.17670631457526215,0.22329368542473788,0.7566043808662115,0.27347066945665816,0.34556927852478764,38.5,34.3915143507453,27.10848564925471,0.5296230666063481,0.4731049167708558,0.37291634547045344,0.5296230666063481,0.22698131425986345,0.0,0.24612360251099236,0.027347066945665816,0.34556927852478764
2.0,629059223.0277491,0.21930970951548967,1.2898102810317478,81350914.0452344,0.1735758882342885,0.22642411176571153,0.7093956545674613,0.2518649608317783,0.3285496656325083,38.5,34.07455868372171,27.42544131627829,0.4965769581972229,0.43949716111883885,0.3537361617156861,0.4965769581972229,0.2128186963702384,0.0,0.22667846474860046,0.02518649608317783,0.3285496656325083
2.083333333333333,635838465.864852,0.20990256167761645,1.2119234982150295,76438438.87941834,0.1705732162917698,0.22942678370823022,0.6665579240182663,0.23256190011387437,0.312803674082889,27.500000000000004,38.182640782976875,34.31735921702314,0.33327896200913315,0.4627443958879319,0.41590014031796463,0.33327896200913315,0.29995106580821984,0.033327896200913316,0.16279333007971206,0.06976857003416231,0.312803674082889
2.1666666666666665,642208335.7714702,0.20114532869502175,1.1410470875441794,71968121.90558648,0.16769308502134844,0.23230691497865158,0.6275758981492987,0.21526391954802163,0.29820726984685914,27.500000000000004,37.9558304454312,34.54416955456881,0.31378794907464935,0.43309389785079955,0.39416524061873054,0.31378794907464935,0.28240915416718443,0.03137879490746494,0.15068474368361512,0.06457917586440648,0.29820726984685914
2.25,648205679.2636024,0.19297967538183777,1.0763754727435968,67889153.81688413,0.16493049347166994,0.23506950652833009,0.5920065100089783,0.19971803011545383,0.2846509326191647,27.500000000000004,37.73827636089401,34.76172363910599,0.29600325500448915,0.40620555058485797,0.37416666715424973,0.29600325500448915,0.26640292950404026,0.029600325500448915,0.13980262108081767,0.059915409034636144,0.2846509326191647
2.333333333333333,653863108.7483428,0.1853534934393844,1.0172133752178931,64157682.00174296,0.16228064478291956,0.23771935521708046,0.5594673563698412,0.1857082977136908,0.27203772113436114,27.500000000000004,37.52960077665492,34.97039922334509,0.2797336781849206,0.3817561187660121,0.35572357826696044,0.2797336781849206,0.25176031036642854,0.027973367818492065,0.12999580839958355,0.05571248931410724,0.27203772113436114
2.4166666666666665,659209582.248488,0.17822015411511696,0.9629585358420466,60735720.77262957,0.15973893785773569,0.24026106214226434,0.5296271947131257,0.17304972043100492,0.26028162069791605,27.500000000000004,37.32944135629669,35.17055864370332,0.26481359735656285,0.35946704192261003,0.33867789656287384,0.26481359735656285,0.23833223762090658,0.026481359735656285,0.12113480430170344,0.05191491612930147,0.26028162069791605
2.5,664270892.3128737,0.17153785719146888,0.9130874513168054,57590251.72945355,0.15730095937203803,0.242699040627962,0.502198098224243,0.16158322359304036,0.24930612949952205,27.500000000000004,37.137450550547996,35.362549449452004,0.2510990491121215,0.3390974007160376,0.3228910014886463,0.2510990491121215,0.22598914420090935,0.02510990491121215,0.11310825651512825,0.04847496707791211,0.24930612949952205
2.583333333333333,669070079.9569949,0.1652690636390861,0.8671435504766789,54692478.01566509,0.15496247611189795,0.24503752388810207,0.47692895276217345,0.15117155069211982,0.23904304702238569,27.500000000000004,36.953294993811966,35.546705006188034,0.23846447638108673,0.32043811422746193,0.30824095986813027,0.23846447638108673,0.21461802874297806,0.023846447638108673,0.10582008548448386,0.045351465207635944,0.23904304702238569
2.6666666666666665,673627786.4583004,0.15938000082244844,0.8247273538606736,52017203.66270041,0.15271942762314536,0.24728057237685466,0.45360004462337056,0.1416958756050975,0.22943143363220564,27.500000000000004,36.776654925322696,35.723345074677304,0.22680002231168528,0.30330713300408496,0.2946201985449034,0.22680002231168528,0.20412002008051675,0.02268000223116853,0.09918711292356824,0.04250876268152925,0.22943143363220564
2.75,677962553.430192,0.15384023056771456,0.785488252025262,49542315.03173732,0.1505679191609493,0.24943208083905072,0.4320185386138941,0.1330529980869169,0.220416715324451,27.500000000000004,36.607223633924754,35.89277636607524,0.21600926930694705,0.2875454410370942,0.28193354168122076,0.21600926930694705,0.19440834237625235,0.021600926930694708,0.09313709866084183,0.03991589942607507,0.220416715324451
2.833333333333333,682091079.6828368,0.14862227167905362,0.7491176104225654,47248345.92457204,0.14850421492712976,0.2514957850728703,0.412014685732411,0.12515301295187684,0.21194991173827765,27.500000000000004,36.444706925511476,36.055293074488546,0.2060073428662055,0.27301371764589877,0.2700965499104613,0.2060073428662055,0.18540660857958496,0.020600734286620553,0.08760710906631378,0.03754590388556305,0.21194991173827765
2.9166666666666665,686028441.8432177,0.14370126962019536,0.7153429656862097,45118111.53176062,0.14652473158345855,0.25347526841654144,0.39343863112741534,0.11791736554194794,0.20398696901684638,27.500000000000004,36.288822612197364,36.211177387802636,0.19671931556370767,0.25958953988670047,0.25903411023580153,0.19671931556370767,0.1770473840073369,0.01967193155637077,0.08254215587936356,0.03537520966258438,0.20398696901684638
3.0,689788284.4708644,0.13905470706947398,0.6839231232943769,43136399.23242294,0.14462603202968596,0.2553739679703141,0.3761577178119073,0.11127722347734234,0.1964881820051273,27.500000000000004,36.13930002233777,36.360699977662236,0.18807885890595366,0.24716502944949792,0.24867923493892535,0.18807885890595366,0.1692709730153583,0.018807885890595368,0.07789405643413963,0.033383167043202704,0.1964881820051273
3.083333333333333,693382984.4068997,0.13466214992025735,0.6546440024400679,41289706.52189996,0.1428048194354895,0.2571951805645105,0.3600542013420374,0.10517210838335256,0.18941769271467804,27.500000000000004,35.9958795305448,36.50412046945521,0.1800271006710187,0.23564486647226363,0.23897203529678568,0.1800271006710187,0.16202439060391685,0.01800271006710187,0.07362047586834679,0.03155163251500576,0.18941769271467804
3.1666666666666665,696823793.2837247,0.13050502404703238,0.627315102549397,39566018.14799557,0.14105793151598187,0.25894206848401813,0.3450233064021684,0.09954874212114823,0.1827430540260804,27.500000000000004,35.858312106883574,36.64168789311642,0.1725116532010842,0.22494460736577954,0.22985884198253329,0.1725116532010842,0.15526048788097577,0.01725116532010842,0.06968411948480376,0.029864622636344467,0.1827430540260804
3.25,700120961.4627243,0.1265664188035829,0.6017664888052481,37954615.98192461,0.13938233504083883,0.26061766495916117,0.3309715688428865,0.09436007065387755,0.17643484930848408,27.500000000000004,35.72635888446606,36.77364111553395,0.16548578442144324,0.2149892554370132,0.22129144894679167,0.16548578442144324,0.1489372059792989,0.016548578442144326,0.06605204945771428,0.028308021196163265,0.17643484930848408
3.333333333333333,703283846.1278847,0.12283091377618512,0.5778462124598406,36445916.312267065,0.13777512056751237,0.2622248794324876,0.31781541685291237,0.08956443554002676,0.17046636006690147,27.500000000000004,35.5997907446916,36.9002092553084,0.15890770842645618,0.20571204246182928,0.21322646157155511,0.15890770842645618,0.14301693758381057,0.01589077084264562,0.06269510487801873,0.026869330662008025,0.17046636006690147
3.4166666666666665,706321005.8205737,0.1192844257931697,0.555418096591332,35031330.18820849,0.13623349738938445,0.26376650261061557,0.30547995312523263,0.08512486853849112,0.1648132749276083,27.500000000000004,35.478387919414025,37.021612080585975,0.15273997656261631,0.19705338688329846,0.20562473314541727,0.15273997656261631,0.13746597890635467,0.015273997656261633,0.05958740797694378,0.025537460561547334,0.1648132749276083
3.5,709240283.3362577,0.11591407360308319,0.5343598300065423,33703143.19817264,0.13475478869008903,0.26524521130991097,0.2938979065035983,0.08100848922412893,0.1594534342788151,27.500000000000004,35.3619396093445,37.13806039065549,0.14694895325179916,0.18896000038350946,0.19845087637123368,0.14694895325179916,0.13225405792661923,0.014694895325179917,0.05670594245689024,0.024302546767238677,0.1594534342788151
3.583333333333333,712048878.6027721,0.11270805798635235,0.5145613217857995,32454411.687673945,0.13333642689558933,0.2666635731044107,0.28300872698218976,0.07718598907378883,0.15436660572982097,27.500000000000004,35.25024361802767,37.24975638197235,0.14150436349109488,0.18138411949363759,0.1916728388010671,0.14150436349109488,0.1273539271419854,0.014150436349109488,0.05403019235165218,0.02315579672213665,0.15436660572982097
3.6666666666666665,714753412.9100783,0.10965555536802137,0.49592327695614596,31278872.924178038,0.1319759492159388,0.2680240507840612,0.2727578023258803,0.07363118836638706,0.14953428626387863,27.500000000000004,35.14310600075518,37.356893999244825,0.13637890116294016,0.17428284290311707,0.18526153289008876,0.13637890116294016,0.12274101104664614,0.013637890116294016,0.05154183185647094,0.022089356509916117,0.14953428626387863
3.75,717359985.6537598,0.10674662325892972,0.4783559603202148,30170867.12931659,0.1306709933689857,0.26932900663101433,0.2630957781761182,0.07032065458389478,0.14493952756020193,27.500000000000004,35.04034072780763,37.45965927219238,0.1315478890880591,0.16761755838797954,0.17919051284417625,0.1315478890880591,0.11839310017925318,0.01315478890880591,0.04922445820872634,0.021096196375168432,0.14493952756020193
3.833333333333333,719874224.5812029,0.1039721160757981,0.46177812084072367,29125269.637666125,0.12941929347859538,0.27058070652140465,0.25397796646239806,0.06723337291096489,0.14056678146736076,27.500000000000004,34.94176936143939,37.558230638560616,0.12698898323119903,0.16135344594575454,0.17343569166377013,0.12698898323119903,0.11429008490807913,0.012698898323119904,0.047063361037675416,0.020170011873289467,0.14056678146736076
3.9166666666666665,722301330.3843417,0.10132361008240036,0.44611605340782406,28137431.72053828,0.1282186761402683,0.27178132385973175,0.24536382937430326,0.06435046099448148,0.13640176303903936,27.500000000000004,34.847220746046126,37.652779253953874,0.12268191468715163,0.1554590459145735,0.16797509280609896,0.12268191468715163,0.11041372321843647,0.012268191468715163,0.045045322696137036,0.019305138298344442,0.13640176303903936
4.0,724646116.3610532,0.09879333635887419,0.4313027784764202,27203128.844064772,0.12706705664732254,0.2729329433526775,0.23721652816203112,0.061654921407912254,0.13243132890647685,27.500000000000004,34.756530710976655,37.74346928902335,0.11860826408101556,0.1499058826584526,0.16278863173695207,0.11860826408101556,0.106747437672914,0.011860826408101557,0.04315844498553858,0.018496476422373676,0.13243132890647685
4.083333333333333,726913043.7647253,0.0963741208481531,0.4172773230953935,26318515.32227266,0.12596243537108762,0.2740375646289124,0.22950252770246646,0.059131426322501936,0.12864336907042512,27.500000000000004,34.66954178547315,37.83045821452685,0.11475126385123323,0.14466813589186125,0.15785792335229903,0.11475126385123323,0.1032761374661099,0.011475126385123324,0.04139199842575135,0.01773942789675058,0.12864336907042512
4.166666666666666,729106253.3749148,0.0940593306508174,0.40398408937480407,25480084.485047642,0.12490289428882462,0.2750971057111754,0.22219124915614225,0.05676612976074175,0.12502671045792008,27.500000000000004,34.58610292524494,37.91389707475506,0.11109562457807112,0.13972235295278324,0.1531661118439497,0.11109562457807112,0.09998606212026401,0.011109562457807113,0.03973629083251923,0.017029838928222525,0.12502671045792008
4.25,731229593.7486688,0.09184282584518712,0.39137229854263705,24684633.613681205,0.12388659365334392,0.2761134063466561,0.2152547641984504,0.054546503531317736,0.12157103081286892,27.500000000000004,34.50606925020083,37.99393074979916,0.1076273820992252,0.13504719636122509,0.14869772008218676,0.1076273820992252,0.09686464388930269,0.010762738209922521,0.03818255247192241,0.01636395105939532,0.12157103081286892
4.333333333333333,733286646.5498089,0.08971891620064255,0.3793955005040281,23929233.00779006,0.12291176879853755,0.2770882312014625,0.20866752527721547,0.052461193546301105,0.11826678168051155,27.500000000000004,34.429301792884836,38.07069820711517,0.10433376263860773,0.13062322185715775,0.14443851600826266,0.10433376263860773,0.09390038637474696,0.010433376263860775,0.03672283548241077,0.01573835806389033,0.11826678168051155
4.416666666666666,735280749.3004581,0.08768232223100486,0.3680111402934328,23211198.640587393,0.12197672707527933,0.2780232729247207,0.20240612716138806,0.050499893722763686,0.11510511940928106,27.500000000000004,34.355667257178254,38.14433274282175,0.10120306358069403,0.1264326828285592,0.14037539388417958,0.10120306358069403,0.09108275722262463,0.010120306358069403,0.03534992560593458,0.015149968116829105,0.11510511940928106
4.5,737215015.8538404,0.08572814010310588,0.35718017405305735,22528067.937874433,0.12107984491237288,0.27892015508762713,0.19644909572918157,0.04865323509013335,0.11207784323374245,27.500000000000004,34.285037786849365,38.214962213150635,0.09822454786459078,0.12245935764122505,0.13649626854724153,0.09822454786459078,0.08840209307813171,0.00982245478645908,0.03405726456309334,0.014595970527040003,0.11207784323374245
4.583333333333333,739092354.8486632,0.08385180997490098,0.3468667282190003,21877578.282228786,0.12021956499744377,0.2797804350025562,0.19077670052045018,0.0469126880758966,0.10917733962265351,27.500000000000004,34.217290743548695,38.2827092564513,0.09538835026022509,0.1186883968873302,0.132789981071445,0.09538835026022509,0.08584951523420258,0.00953883502602251,0.03283888165312762,0.01407380642276898,0.10917733962265351
4.666666666666666,740915486.3721823,0.08204908738892658,0.33703779648285065,21257647.899766356,0.11939439357288102,0.280605606427119,0.18537078806556787,0.0452704762374863,0.1063965321797965,27.500000000000004,34.15230849386439,38.34769150613562,0.09268539403278393,0.11510618799574596,0.12924621445432077,0.09268539403278393,0.08341685462950554,0.009268539403278394,0.031689333366240406,0.013581142871245889,0.1063965321797965
4.75,742686957.0304961,0.0803160173916398,0.3276629698477047,20666358.83423443,0.11860289784213271,0.2813971021578673,0.1802146334162376,0.04371949995693427,0.10372883647453283,27.500000000000004,34.08997820506796,38.41002179493205,0.0901073167081188,0.11170023500716092,0.125855418132425,0.0901073167081188,0.08109658503730693,0.009010731670811881,0.030603649969853985,0.013115849987080281,0.10372883647453283
4.833333333333333,744409153.6000156,0.0786489110881484,0.31871419573593607,20101941.75345696,0.11784370348185202,0.282156296518148,0.17529280765476485,0.042253268824982926,0.10116811925618832,27.500000000000004,34.03019164919585,38.46980835080416,0.08764640382738242,0.10845905162213224,0.12260874028642144,0.08764640382738242,0.07888176344464419,0.008764640382738243,0.029577288177488045,0.012675980647494877,0.10116811925618832
4.916666666666666,746084315.4128038,0.07704432437582469,0.310165562649758,19562762.367445536,0.11711549225557409,0.2828845077444259,0.1705910594573669,0.0408658416192602,0.09870866157313088,27.500000000000004,33.97284501512647,38.52715498487353,0.08529552972868346,0.10537206588929726,0.11949796703177729,0.08529552972868346,0.07676597675581512,0.008529552972868346,0.028606089133482136,0.012259752485778059,0.09870866157313088
5.0,747714545.6100909,0.07549903862998603,0.3019931073498118,19047309.266767327,0.11641699972477977,0.28358300027522026,0.1660962090423965,0.03955177293213198,0.09634512537528334,27.500000000000004,33.91783872832641,38.5821612716736,0.08304810452119825,0.10242953512157081,0.11651546770704276,0.08304810452119825,0.07474329406907843,0.008304810452119825,0.027686241052492386,0.011865531879639594,0.09634512537528334
5.083333333333333,749301821.3823215,0.07401004314078793,0.29417464191418297,18554183.01481135,0.11574701305337237,0.28425298694662765,0.16179605305280065,0.03830606563231359,0.09407252322906876,16.5,39.5107694842522,43.989230515747806,0.048538815915840194,0.11623066464783718,0.12940516135050562,0.048538815915840194,0.09707763183168039,0.016179605305280065,0.019153032816156795,0.019153032816156795,0.09407252322906876
5.166666666666666,750848003.3002224,0.07257451912322589,0.2866895983808651,18082086.349077925,0.11510436890175477,0.28489563109824523,0.15767927910947582,0.03712412845386789,0.0918861908175214,16.5,39.47462075072371,44.02537924927629,0.04730378373284275,0.11316963169261944,0.12621618295540293,0.04730378373284275,0.0946075674656855,0.015767927910947582,0.018562064226933944,0.018562064226933944,0.0918861908175214
5.25,752354843.8293122,0.07118982514208795,0.2795188889693735,17629815.365076326,0.1144879514068503,0.2855120485931497,0.15373538893315544,0.036001738099825216,0.08978176193639287,16.5,39.43994726663533,44.06005273336468,0.04612061667994663,0.11024210240980586,0.12315616987962102,0.04612061667994663,0.09224123335989326,0.015373538893315546,0.018000869049912608,0.018000869049912608,0.08978176193639287
5.333333333333333,753823995.1097353,0.06985348381123013,0.27264478012930327,17196251.572315417,0.11389669024456031,0.28610330975543974,0.1499546290711168,0.03493500532783144,0.08775514573035503,16.5,39.40668882625652,44.09331117374349,0.04498638872133504,0.10744028010658581,0.12021811130138244,0.04498638872133504,0.08997277744267008,0.014995462907111682,0.01746750266391572,0.01746750266391572,0.08775514573035503
5.416666666666666,755257016.0740949,0.06856316964195927,0.2660507788811381,16780354.72559114,0.11332955877129366,0.28667044122870633,0.14632792838462597,0.03392034455402819,0.08580250594248394,16.5,39.37478768088528,44.12521231911473,0.04389837851538779,0.10475692930778968,0.11739547105796064,0.04389837851538779,0.08779675703077558,0.014632792838462597,0.016960172277014095,0.016960172277014095,0.08580250594248394
5.5,756655378.9678942,0.06731669792888799,0.2597215301027078,16381156.346637988,0.11278557224134152,0.2872144277586585,0.1428468415564893,0.03295444657053455,0.08392024197568397,16.5,39.34418843857546,44.15581156142454,0.04285405246694679,0.10218532821916085,0.11468214941660018,0.04285405246694679,0.08570810493389358,0.01428468415564893,0.016477223285267274,0.016477223285267274,0.08392024197568397
5.583333333333333,758020475.330114,0.06611201457360227,0.2536427235776391,15997753.861488855,0.11226378609700205,0.287736213902998,0.13950349796770153,0.03203425402287874,0.08210497158705889,16.5,39.314837967956365,44.18516203204364,0.04185104939031046,0.09971922579206029,0.1120724483952684,0.04185104939031046,0.08370209878062092,0.013950349796770154,0.01601712701143937,0.01601712701143937,0.08210497158705889
5.666666666666666,759353621.4852381,0.06494718675706025,0.247801009763579,15629305.287808454,0.11176329432848599,0.28823670567151405,0.13629055536996845,0.03115693933774077,0.0803535150558698,16.499999999999996,39.286685305977336,44.21331469402267,0.04088716661099053,0.09735280289085145,0.10956104026173702,0.04088716661099053,0.08177433322198106,0.013629055536996846,0.015578469668870385,0.015578469668870385,0.0803535150558698
5.75,760656063.5925554,0.06382039438099568,0.24218392336096944,15275024.414223066,0.11128322790075548,0.2887167720992445,0.1332011578485332,0.030319884829437593,0.07866288068299866,16.5,39.259681569417495,44.24031843058251,0.03996034735455996,0.09508063712383871,0.10714293888257079,0.03996034735455996,0.07992069470911992,0.013320115784853322,0.015159942414718797,0.015159942414718797,0.07866288068299866
5.833333333333333,761928982.2937406,0.06272992220688309,0.23677981387029326,14934176.420427136,0.11082275324456432,0.2891772467554357,0.1302288976286613,0.029520664746571553,0.07703025149506043,16.5,39.23377987000675,44.26622012999326,0.03906866928859839,0.09289767095048256,0.10481347363121234,0.03906866928859839,0.07813733857719678,0.01302288976286613,0.014760332373285777,0.014760332373285777,0.07703025149506043
5.916666666666666,763173496.9954429,0.06167415262836794,0.2315777824192303,14606073.892745694,0.11038107080907983,0.2896189291909202,0.12736778033057666,0.02875702904890508,0.07545297303974856,16.499999999999996,39.20893523301074,44.291064766989265,0.038210334099172995,0.09079918272279854,0.10256826559725876,0.038210334099172995,0.07642066819834599,0.012736778033057667,0.01437851452445254,0.01437851452445254,0.07545297303974856
6.0,764390669.8198383,0.060651559019585265,0.22656762422290447,14290073.19498703,0.1099574136735728,0.2900425863264272,0.12461219332259747,0.02802688872943106,0.07392854217087594,16.500000000000004,39.18510451913848,44.31489548086153,0.03738365799677924,0.08878076035827402,0.10040320586785122,0.03738365799677924,0.07476731599355849,0.012461219332259748,0.01401344436471553,0.01401344436471553,0.07392854217087594
6.083333333333333,765581509.2527539,0.05966069960758804,0.22173977611199278,13985571.158935608,0.1095510462157654,0.29044895378423463,0.12195687686159604,0.02732830251830819,0.07245459673208857,16.5,39.1622463496368,44.3377536503632,0.03658706305847881,0.08683827737611172,0.09831443567740226,0.03658706305847881,0.07317412611695762,0.012195687686159605,0.013664151259154095,0.013664151259154095,0.07245459673208857
6.166666666666666,766746973.5159985,0.05870021182226587,0.21708526862626012,13692002.062795479,0.1091612628345243,0.2908387371654757,0.11939689774444308,0.026659464824266305,0.07102890605755076,16.5,39.140321034441996,44.35967896555801,0.035819069323332925,0.08496787105879901,0.09629832824412822,0.035819069323332925,0.07163813864666585,0.011939689774444309,0.013329732412133153,0.013329732412133153,0.07102890605755076
6.25,767887973.6878982,0.05776880708173198,0.21259568222624475,13408834.869373709,0.1087873867246815,0.29121261327531855,0.11692762522443462,0.02601869478563698,0.06964936221617317,16.5,39.11929050326333,44.38070949673667,0.035078287567330384,0.08316592252747926,0.09435147213143512,0.035078287567330384,0.07015657513466077,0.011692762522443462,0.01300934739281849,0.01300934739281849,0.06964936221617317
6.333333333333333,769005376.5936793,0.0568652659752587,0.20826310722436492,13135570.698855145,0.10842876870185529,0.2915712312981447,0.11454470897340072,0.025404426317655396,0.06831397193330882,16.5,39.09911823947936,44.40088176052065,0.034363412692020215,0.08142903854286812,0.0924706559894766,0.034363412692020215,0.06872682538404043,0.011454470897340072,0.012702213158827698,0.012702213158827698,0.06831397193330882
6.416666666666666,770100007.4852506,0.0559884338095054,0.2040801070794938,12871740.513717834,0.10808478607523107,0.29191521392476893,0.1122440588937216,0.024815199055384506,0.06702084913038771,16.499999999999996,39.07976921673175,44.42023078326825,0.03367321766811648,0.07975403486392521,0.09065285454745212,0.03367321766811648,0.06734643533623295,0.01122440588937216,0.012407599527692253,0.012407599527692253,0.06702084913038771
6.5,771172652.5280604,0.0551372164870601,0.20003968473680964,12616902.995720057,0.1077548415663444,0.2922451584336556,0.11002182660524532,0.024249650102770956,0.06576820802879338,16.5,39.06120983810687,44.438790161893124,0.03300654798157359,0.07813792101453265,0.08889521574070339,0.03300654798157359,0.06601309596314718,0.011002182660524532,0.012124825051385478,0.012124825051385478,0.06576820802879338
6.583333333333333,772224061.1110371,0.05431057668924865,0.19613525172809854,12370642.596994631,0.10743836227198927,0.29256163772801075,0.1078743884504542,0.023706506508155166,0.06455435676948917,16.499999999999996,39.043407877799396,44.456592122200604,0.03236231653513626,0.0765778863243501,0.08719504886861218,0.03236231653513626,0.06472463307027251,0.01078743884504542,0.011853253254077583,0.011853253254077583,0.06455435676948917
6.666666666666666,773254947.99412,0.05350753033779552,0.1923605997772331,12132567.749149647,0.10713479866945048,0.29286520133054955,0.10579832987747821,0.023184578395202184,0.06337769150455272,16.5,39.02633242515659,44.47366757484342,0.03173949896324346,0.07507128712408802,0.08554981368990164,0.03173949896324346,0.06347899792648692,0.010579832987747822,0.011592289197601092,0.011592289197601092,0.06337769150455272
6.75,774265995.3065492,0.05272714331227892,0.18870987468173236,11902309.215926224,0.10684362366233321,0.2931563763376668,0.10379043107495281,0.02268275268584371,0.06223669092093585,16.5,39.00995383100625,44.49004616899376,0.031137129322485843,0.07361563498789354,0.08395711037135299,0.031137129322485843,0.062274258644971686,0.010379043107495281,0.011341376342921854,0.011341376342921854,0.06223669092093585
6.833333333333333,775257854.4078764,0.051968528402443384,0.18517755226456023,11679518.576430343,0.10656433166533265,0.2934356683346674,0.10184765374550814,0.02219998735855695,0.06112991116049516,16.5,38.994243656174966,44.505756343825034,0.03055429612365244,0.07220858592658336,0.08241467021432444,0.03055429612365244,0.06110859224730488,0.010184765374550814,0.011099993679278474,0.011099993679278474,0.06112991116049516
6.916666666666666,776231147.6225789,0.05123084247633691,0.1817584162109708,11463866.82725835,0.10629643772635475,0.29370356227364525,0.09996712891603395,0.02173530619126161,0.06005598110367524,16.5,38.97917462210746,44.52082537789255,0.029990138674810183,0.07084793044525117,0.08092034709090945,0.029990138674810183,0.059980277349620366,0.009996712891603395,0.010867653095630805,0.010867653095630805,0.06005598110367524
7.0,777186469.8581837,0.0505132838469574,0.17844753762360735,11255043.092996163,0.1060394766844637,0.29396052331553635,0.09814614569298405,0.02128779394339328,0.05901359798723004,16.5,38.96472056350108,44.535279436498925,0.029443843707895212,0.06953158438748706,0.07947210952822509,0.029443843707895212,0.058887687415790424,0.009814614569298406,0.01064389697169664,0.01064389697169664,0.05901359798723004
7.083333333333333,778124390.1159334,0.04981508982163792,0.17524025614544442,11052753.43560547,0.10579300236219404,0.294206997637806,0.09638214087999444,0.020856591936389796,0.05800152332906019,16.5,38.95085638287342,44.54914361712659,0.02891464226399833,0.06825758049619156,0.07806803338525453,0.02891464226399833,0.05782928452799666,0.009638214087999445,0.010428295968194898,0.010428295968194898,0.05800152332906019
7.166666666666666,779045452.9022338,0.04913553441979424,0.1721321625147821,10856719.754132338,0.10555658679082486,0.29444341320917516,0.09467268938313017,0.020440893995981962,0.05701857913566999,16.5,38.9375580069839,44.56244199301611,0.02840180681493905,0.06702406062786907,0.07670629507197399,0.02840180681493905,0.0568036136298781,0.009467268938313018,0.010220446997990981,0.010220446997990981,0.05701857913566999
7.25,779950179.5484115,0.04847392624591899,0.16911908242957283,10666678.766998017,0.1053298194672711,0.2946701805327289,0.09301549533626506,0.020039942723374626,0.05606364436993315,16.5,38.924802345033996,44.575197654966004,0.027904648600879517,0.06582926856344634,0.07538516526524697,0.027904648600879517,0.055809297201759034,0.009301549533626507,0.010019971361687313,0.010019971361687313,0.05606364436993315
7.333333333333333,780839069.4456613,0.04782960650584321,0.16619706161004014,10482381.069868451,0.10511230664130149,0.2948876933586985,0.09140838388552208,0.019653026065692542,0.05513565165882552,16.5,38.91256724857321,44.58743275142679,0.027422515165656625,0.06467154336415952,0.074103003080224,0.027422515165656625,0.05484503033131325,0.009140838388552208,0.009826513032846271,0.009826513032846271,0.05513565165882552
7.416666666666666,781712601.2014837,0.04720194715531651,0.16336235195901613,10303590.262759065,0.10490367063184541,0.2950963293681546,0.08984929357745888,0.019279474158996262,0.054233584222561,16.5,38.90083147304131,44.59916852695869,0.026954788073237663,0.06354931322597346,0.07285825065980502,0.026954788073237663,0.053909576146475326,0.00898492935774589,0.009639737079498131,0.009639737079498131,0.054233584222561
7.5,782571233.7233803,0.046590349170889264,0.16061139872880809,10130082.140623383,0.10470354917120182,0.2952964508287982,0.08833626930084446,0.018918656419789417,0.05335647300817423,16.5,38.889574640880106,44.6104253591199,0.026500880790253336,0.06246108979040138,0.07164942814815338,0.026500880790253336,0.05300176158050667,0.008833626930084446,0.009459328209894709,0.009459328209894709,0.05335647300817423
7.583333333333333,783415407.235099,0.045994240933925255,0.15794082861182368,9961643.942204943,0.10451159477601121,0.2954884052239888,0.08686745573650304,0.018569978863274647,0.05250339401204601,16.5,38.87877720615063,44.62122279384937,0.02606023672095091,0.061405462873539145,0.07047512901733363,0.02606023672095091,0.05212047344190182,0.008686745573650304,0.009284989431637324,0.009284989431637324,0.05250339401204601
7.666666666666666,784245544.2302827,0.04541307671934027,0.15534743867975773,9798073.65240968,0.10432747414389862,0.2956725258561014,0.08544109127386676,0.01823288162870621,0.05167346577718476,16.5,38.868420420594305,44.6315795794057,0.025632327382160026,0.06038109557867316,0.06933401571892454,0.025632327382160026,0.05126465476432005,0.008544109127386677,0.009116440814353106,0.009116440814353106,0.05167346577718476
7.75,785062050.3679835,0.04484633528135828,0.15282818610294763,9639179.353885112,0.10415086757473996,0.29584913242526006,0.0840555023566212,0.017906836694057786,0.05086584705226864,16.5,38.858486301079125,44.64151369892087,0.02521665070698636,0.05938671976100161,0.06822481563495965,0.02521665070698636,0.05043330141397272,0.00840555023566212,0.008953418347028893,0.008953418347028893,0.05086584705226864
7.833333333333333,785865315.3141406,0.04429351852920947,0.1503801785876386,9484778.623879543,0.10398146841554674,0.2960185315844533,0.08270909822320124,0.017591345763901676,0.050079734600535705,16.5,38.848957598374504,44.651042401625496,0.024812729466960372,0.05842113181587158,0.06714631730480666,0.024812729466960372,0.049625458933920744,0.008270909822320125,0.008795672881950838,0.008795672881950838,0.050079734600535705
7.916666666666666,786655713.5327972,0.043754150286270777,0.14800066547442917,9334697.972803196,0.10381898252800546,0.29618101747199455,0.08140036601093605,0.01728593831590081,0.049314361147592314,16.5,38.83981776720031,44.66018223279969,0.024420109803280812,0.05748318876451203,0.06609736690663633,0.024420109803280812,0.048840219606561625,0.008140036601093605,0.008642969157950405,0.008642969157950405,0.049314361147592314
8.0,787433605.0305308,0.04322777512667258,0.1456870294461517,9188772.321227679,0.10366312777774685,0.2963368722222532,0.08012786619538344,0.01699016979266639,0.04856899345810188,16.5,38.83105093749826,44.66894906250174,0.024038359858615032,0.05657180461356326,0.06507686497397341,0.024038359858615032,0.048076719717230064,0.008012786619538343,0.008495084896333195,0.008495084896333195,0.04856899345810188
8.083333333333332,788199336.0572997,0.042713957283874324,0.14343677879795663,9046844.51234472,0.1035136335444584,0.2964863664555416,0.07889022833887616,0.016703619926950377,0.04784293053213011,16.5,38.82264188687579,44.67735811312422,0.023667068501662846,0.05568594696680088,0.06408376332949292,0.023667068501662846,0.04733413700332569,0.007889022833887616,0.008351809963475188,0.008351809963475188,0.04784293053213011
8.166666666666666,788953239.7666618,0.042212279626146196,0.14124754022643812,8908764.857161906,0.10337024025198951,0.29662975974801054,0.07768614712454097,0.016425891189235643,0.04713550191266151,16.5,38.814576014174406,44.68542398582559,0.02330584413736229,0.0548246338693424,0.06311706221973343,0.02330584413736229,0.04661168827472458,0.0077686147124540975,0.008212945594617821,0.008212945594617821,0.04713550191266151
8.25,789695636.838092,0.041722342694292425,0.13911705209833294,8774390.709946055,0.10323269891763318,0.2967673010823668,0.07651437865408313,0.01615660734777288,0.046446066096476946,16.5,38.80683931411687,44.693160685883136,0.022954313596224938,0.05398693086633632,0.0621758076357717,0.022954313596224938,0.045908627192449876,0.007651437865408313,0.00807830367388644,0.00807830367388644,0.046446066096476946
8.333333333333332,790426836.0639209,0.041243763797314786,0.13704315816266455,8643586.071635578,0.10310077071980187,0.2968992292801982,0.0753737369894655,0.015895412132002223,0.04577400904119683,16.5,38.79941835298886,44.70058164701115,0.02261212109683965,0.05317194825968041,0.06125908880614449,0.02261212109683965,0.0452242421936793,0.007537373698946551,0.007947706066001111,0.007947706066001111,0.04577400904119683
8.416666666666666,791147134.9032239,0.04077617616204652,0.13502380167323505,8516221.21913428,0.10297422658334666,0.29702577341665337,0.07426309092027929,0.01564196799110014,0.04511874276185564,16.5,38.79230024531325,44.70769975468675,0.022278927276083785,0.05237883854771764,0.06036603584943363,0.022278927276083785,0.04455785455216757,0.007426309092027929,0.00782098399555007,0.00782098399555007,0.04511874276185564
8.5,791856820.0048184,0.04031922813309151,0.13305701989112212,8392172.358572854,0.10285284678179986,0.2971471532182002,0.07318136094011717,0.015395954940117538,0.04447970401088742,16.5,38.78547263147624,44.71452736852377,0.02195440828203515,0.05160679403412907,0.05949581757495791,0.02195440828203515,0.0439088165640703,0.007318136094011717,0.007697977470058769,0.007697977470058769,0.04447970401088742
8.583333333333332,792556167.7013662,0.03987258241968132,0.13114093893933643,8271321.3007818265,0.10273642055585015,0.2972635794441499,0.07212751641663503,0.015157069486830824,0.04385635303587057,16.5,38.77892365626657,44.72107634373343,0.02163825492499051,0.05085504459339643,0.058647639420949485,0.02163825492499051,0.04327650984998102,0.0072127516416635035,0.007578534743415412,0.007578534743415412,0.04385635303587057
8.666666666666666,793245444.4764314,0.039435915386317605,0.12927376898406834,8153555.157363158,0.1026247457473882,0.2973752542526118,0.07110057294123759,0.014925023633021187,0.04324817240980957,16.5,38.772641948290584,44.727358051709416,0.021330171882371275,0.050122855581253144,0.05782074152044392,0.021330171882371275,0.04266034376474255,0.0071100572941237596,0.007462511816510593,0.007462511816510593,0.04324817240980957
8.75,793924907.4062116,0.0390089163843015,0.12745379971902396,8038766.05587828,0.1025176284484868,0.29748237155151325,0.07009958984546319,0.014699543944435593,0.042654665929125195,16.5,38.76661660022739,44.73338339977263,0.021029876953638955,0.04940952587949571,0.057014396885889315,0.021029876953638955,0.04205975390727791,0.00700995898454632,0.0073497719722177965,0.0073497719722177965,0.042654665929125195
8.833333333333332,794594804.5775348,0.03859128712146564,0.12567939613123277,7926850.872789114,0.10241488266470658,0.29758511733529347,0.06912366787217804,0.014480370684170305,0.04207535757488445,16.5,38.760837149889745,44.73916285011026,0.02073710036165341,0.048714386065391975,0.05622790970418741,0.02073710036165341,0.04147420072330682,0.0069123667872178045,0.007240185342085152,0.007240185342085152,0.04207535757488445
8.916666666666666,795255375.4836005,0.038182741067622344,0.12394899452843171,7817710.982897244,0.10231632999214217,0.29768367000785784,0.06817194699063744,0.014267257004660899,0.04150979053313337,16.5,38.755293562058,44.744706437942,0.020451584097191233,0.048036796696712916,0.05546061373452756,0.020451584097191233,0.040903168194382465,0.006817194699063745,0.007133628502330449,0.007133628502330449,0.04150979053313337
9.0,795906851.398842,0.037783002893421416,0.12226109880969432,7711252.0241250405,0.10222179930764846,0.29777820069235156,0.06724360434533189,0.014059968193864293,0.04095752627049815,16.5,38.74997621105523,44.75002378894477,0.020173081303599565,0.047376146704131275,0.05471187080196349,0.020173081303599565,0.04034616260719913,0.006724360434533189,0.007029984096932147,0.007029984096932147,0.04095752627049815
9.083333333333332,796549455.7341857,0.03739180794047927,0.12061427696241286,7607383.676573304,0.1021311264717088,0.2978688735282912,0.06633785232932708,0.013858280971584638,0.04041814366150115,16.5,38.74487586403362,44.755124135966376,0.019901355698798123,0.04673185188338856,0.053981069380226177,0.019901355698798123,0.039802711397596245,0.006633785232932708,0.006929140485792319,0.006929140485792319,0.04041814366150115
9.166666666666666,797183404.3739002,0.037008901720791736,0.1190071577700388,7506019.454871887,0.10204415404342927,0.29795584595657076,0.06545393677352135,0.013661982832226093,0.03989123816429137,16.500000000000004,38.7399836649429,44.76001633505711,0.019636181032056405,0.04610335348022586,0.05326762325775655,0.019636181032056405,0.03927236206411281,0.006545393677352135,0.006830991416113047,0.006830991416113047,0.03989123816429137
9.25,797808905.9951395,0.03663403944358764,0.11743842771620047,7407076.512916196,0.10196073100716437,0.29803926899283567,0.06459113524391026,0.01347087143056031,0.0393764210417299,16.5,38.73529111915299,44.764708880846996,0.01937734057317308,0.04549011686162631,0.05257097028140108,0.01937734057317308,0.03875468114634616,0.006459113524391026,0.006735435715280155,0.006735435715280155,0.0393764210417299
9.333333333333332,798426162.3712158,0.03626698556790647,0.11590682807189623,7310475.460150639,0.10188071251029905,0.29811928748970096,0.06374875543954293,0.013284754007370208,0.0388733186249831,16.5,38.730790078704324,44.76920992129568,0.01912462663186288,0.044891630267410866,0.051890571172622496,0.01912462663186288,0.03824925326372576,0.006374875543954293,0.006642377003685104,0.006642377003685104,0.0388733186249831
9.416666666666666,799035368.6595618,0.035907513379306734,0.11441115215347908,7216140.188624232,0.10180395961173211,0.2981960403882679,0.0629261336844135,0.013103446852085084,0.0383815716169805,16.5,38.72647272815993,44.77352727184007,0.018877840105324048,0.04430740363669064,0.05122590841146439,0.018877840105324048,0.037755680210648096,0.006292613368441349,0.006551723426042542,0.006551723426042542,0.0383815716169805
9.5,799636713.6752805,0.035555404589220165,0.11295024274006164,7123997.710101168,0.10173033904062413,0.2982696609593759,0.06212263350703391,0.012926774799750672,0.03790083443327707,16.500000000000004,38.72233157103511,44.777668428964894,0.018636790052110174,0.04373696750409568,0.050576485183855796,0.018636790052110174,0.03727358010422035,0.006212263350703392,0.006463387399875336,0.006463387399875336,0.03790083443327707
9.583333333333332,800230380.1511222,0.035210448955569865,0.11152298963981652,7033978.002562508,0.10165972296499101,0.298340277035009,0.06133764430189909,0.012754570759887722,0.037430774578029714,16.5,38.71835941678075,44.78164058321926,0.018401293290569727,0.04317987196108332,0.04994182438816348,0.018401293290569727,0.036802586581139454,0.00613376443018991,0.006377285379943861,0.006377285379943861,0.037430774578029714
9.666666666666666,800816544.9846691,0.03487244392336527,0.11012832739542548,6946013.865484276,0.10159198876974129,0.29840801123025873,0.06057058006748402,0.012586675274984764,0.0369710720529567,16.499999999999996,38.714549368297945,44.785450631702055,0.018171174020245203,0.04263568567798279,0.04932146769719749,0.018171174020245203,0.036342348040490406,0.006057058006748402,0.006293337637492382,0.006293337637492382,0.0369710720529567
9.75,801395379.4734595,0.034541194284073436,0.1087652331196397,6860040.783321915,0.101527018843772,0.298472981156228,0.05982087821580184,0.012422936106545527,0.036521418797292336,16.5,38.71089480996218,44.78910519003782,0.017946263464740552,0.04210399498275387,0.048714974672145285,0.017946263464740552,0.035892526929481104,0.005982087821580185,0.006211468053272763,0.006211468053272763,0.036521418797292336
9.833333333333332,801967049.5387363,0.03421651185264772,0.1074327244525721,6775996.796672627,0.10146470037575309,0.29853529962424696,0.05908799844891466,0.012263207846772454,0.036081518156885,16.499999999999996,38.70738939613611,44.7926106038639,0.017726399534674395,0.04158440299273502,0.048121921925162695,0.017726399534674395,0.03545279906934879,0.005908799844891466,0.006131603923386227,0.006131603923386227,0.036081518156885
9.916666666666666,802531715.938459,0.03389821516116862,0.1061298576329414,6693822.38062488,0.10140492515824616,0.29859507484175385,0.05837142169811778,0.01210735155411421,0.03565108438070942,16.500000000000004,38.70402704015136,44.795972959848655,0.017511426509435334,0.041076528795927776,0.04754190232757831,0.017511426509435334,0.03502285301887067,0.005837142169811778,0.006053675777057105,0.006053675777057105,0.03565108438070942
10.0,803089534.4701778,0.033586129168121946,0.10485572567604697,6613460.329839634,0.1013475893998171,0.29865241060018294,0.05767064912182584,0.01195523441104035,0.035229842143180784,16.500000000000004,38.700801903739716,44.799198096260284,0.017301194736547752,0.04058000667861568,0.04697452426088354,0.017301194736547752,0.034602389473095505,0.005767064912182584,0.005977617205520175,0.005977617205520175,0.035229842143180784
