year,circulating_supply,emission_rate,block_reward,annual_emissions,wk_weight,wp_weight,compute_security_pool,knowledge_vault_pool,personal_data_pool,pro_miners_pct,enterprise_pct,retail_pct,pro_miners_tokens,enterprise_tokens,retail_tokens,pro_miners_compute,enterprise_compute,retail_compute,enterprise_kv,retail_kv,retail_pdp
0.0833333333333333,4300000000.0,0.9533893814183212,1234.9681706918577,77891912461.87685,0.2918378914218276,0.1081621085781723,679.2324938805217,405.4618202712564,150.27385654007955,38.5,46.048586506460055,15.451413493539953,475.46274571636513,568.6853864082873,190.82003856720522,475.46274571636513,203.7697481641565,0.0,364.9156382441308,40.54618202712564,150.27385654007955
0.1666666666666666,10790992705.156404,0.8780380030888544,1046.999723799143,66036366579.45955,0.2840088829258647,0.1159911170741353,575.8498480895287,334.5268747273689,136.62300098224546,38.5,45.2558993962438,16.244100603756202,403.0948936626701,473.8291416814906,170.0756884549824,403.0948936626701,172.7549544268586,0.0,301.0741872546321,33.45268747273689,136.62300098224546
0.25,16294023253.444698,0.8091260417137823,894.2307370740303,56400921048.733246,0.2764993805169191,0.1235006194830808,491.8269053907168,278.1610254451771,124.24280623813664,38.49999999999999,44.49556227733807,17.004437722661944,344.2788337735017,397.8929945178744,152.05890878265436,344.2788337735017,147.54807161721502,0.0,250.3449229006594,27.81610254451771,124.24280623813664
0.3333333333333333,20994100007.505802,0.7464067270312478,769.292888304132,48520841051.11821,0.2692963449781228,0.1307036550218772,423.11108856727265,233.06373341771177,113.11806631914762,38.49999999999999,43.766254929034936,17.733745070965064,296.1777619970908,336.6906866461224,136.4244396609188,296.1777619970908,126.93332657018178,0.0,209.75736007594062,23.306373341771177,113.11806631914762
0.4166666666666666,25037503428.43232,0.6895163138997418,666.454780602375,42034635922.15299,0.262387269230127,0.137612730769873,366.55012933130627,196.72790619107315,103.1767450799956,38.50000000000001,43.06671100955036,18.433288990449643,256.5850905319144,287.0201543713577,122.84953569910292,256.5850905319144,109.96503879939189,0.0,177.0551155719658,19.672790619107314,103.1767450799956
0.5,28540389755.2784,0.6380250949570115,581.2511618877056,36660673282.58137,0.255760156614281,0.144239843385719,319.6881390382381,167.2434992212114,94.31952362825612,38.50000000000001,42.395715857195945,19.10428414280405,223.7816973267667,246.4255910105617,111.04387355037726,223.7816973267667,95.90644171147144,0.0,150.5191492990903,16.724349922121142,94.31952362825612
0.5833333333333333,31595445862.160183,0.5914756420606357,510.19420011576335,32178968589.70142,0.2494035000620865,0.1505964999379135,280.60681006366985,143.14974662277896,86.43764342931453,38.49999999999999,41.75210438128626,19.74789561871374,196.42476704456888,213.016814979602,100.75261809159244,196.42476704456888,84.18204301910096,0.0,128.83477196050106,14.314974662277898,86.43764342931453
0.6666666666666666,34277026577.96863,0.5494096591976566,450.55018392452604,28417101200.487705,0.2433062621147578,0.1566937378852421,247.80260115848935,123.3243912890172,79.42319147701949,38.50000000000001,41.13475903911923,20.36524096088077,173.46182081094253,185.3327325076623,91.75563060592121,173.46182081094253,74.3407803475468,0.0,110.99195216011549,12.33243912890172,79.42319147701949
0.75,36645118344.67594,0.5113855851290331,400.1676660686529,25239375034.282074,0.2374578557581944,0.1625421442418055,220.0922163377591,106.90082541947643,73.17462431141738,38.49999999999999,40.542607895517186,20.957392104482818,154.06455143643134,162.23840777885653,83.86470685336504,154.06455143643134,66.02766490132773,0.0,96.21074287752879,10.69008254194764,73.17462431141738
0.8333333333333333,38748399597.53278,0.4769891701970321,357.34559973450325,22538501666.454586,0.2318481260400887,0.1681518739599112,196.5400798539768,93.20614610300574,67.59937377752073,38.5,39.97462276155899,21.525377238441017,137.57805589778377,142.84755544889822,76.91998838782129,137.57805589778377,58.96202395619304,0.0,83.88553149270516,9.320614610300572,67.59937377752073
0.9166666666666666,40626608069.73733,0.4458389979867446,320.7322994902358,20229227593.44815,0.2264673324372499,0.17353266756275,176.4027647196297,81.71481182852119,62.61472294208491,38.49999999999999,39.42981740927156,22.070182590728443,123.48193530374077,126.464160061558,70.78620412493703,123.48193530374077,52.9208294158889,0.0,73.54333064566907,8.17148118285211,62.61472294208491
1.0,42312377035.85801,0.417588544120385,289.24801607173316,18243450869.67635,0.2213061319425266,0.1786938680574733,159.08640883945327,72.01390455999568,58.14770267228423,38.5,38.907245859180826,22.592754140819174,111.36048618761725,112.53843675583205,65.34909312828381,111.36048618761725,47.72592265183597,0.0,64.81251410399611,7.201390455999562,58.14770267228423
1.0833333333333333,43832664608.33104,0.3919259811675937,262.0255310851544,16526474296.60286,0.2163555628419616,0.1836444371580383,144.1140420968349,63.77701641400405,54.13447257431541,38.5,38.40600073774861,23.093999262251383,100.87982946778443,100.6335274016541,60.51217421571582,100.87982946778443,43.23421262905047,0.0,57.399314772603645,6.377701641400404,54.13447257431541
1.1666666666666663,45209870799.714615,0.3685726055490093,238.36447552051484,15034124200.029913,0.2116070291540094,0.1883929708459906,131.10046153628318,56.74454833584346,50.51946564838822,38.49999999999999,37.92521170184345,23.57478829815655,91.77032307539821,90.40023196314407,56.19392048197257,91.77032307539821,39.330138460884946,0.0,51.07009350225912,5.674454833584338,50.51946564838822
1.25,46462714483.05044,0.347280496563726,217.69609568601055,13730528147.108057,0.207052285703798,0.1929477142962019,119.73285262730583,50.70878347565387,47.25445958305089,38.5,37.46404392750956,24.035956072490453,83.81299683911406,81.55776091628023,52.32533793061628,83.81299683911406,35.91985578819173,0.0,45.637905128088484,5.070878347565379,47.25445958305089
1.3333333333333333,47606925161.976105,0.3278298172266666,199.55597899098026,12586394706.919107,0.2026834238065184,0.1973165761934816,109.75578844503914,45.50252519582272,44.297665350118386,38.5,37.02169666040999,24.478303339590013,76.8290519115274,73.8790092097522,48.84791786970066,76.8290519115274,32.926736533511736,0.0,40.95227267624045,4.550252519582271,44.297665350118386
1.4166666666666663,48655791387.55269,0.310026021462748,183.56285547932413,11577676420.791931,0.1984928575350819,0.201507142464918,100.95957051362828,40.99040518656411,41.612879779131745,38.5,36.59740182542705,24.902598174572955,70.67169935953979,67.17923582199619,45.71192029778816,70.67169935953979,30.287871154088478,0.0,36.891364667907695,4.099040518656404,41.612879779131745
1.5,49620597755.95201,0.2936971304797779,169.40204920799226,10684526047.646486,0.1944733105482029,0.205526689451797,93.17112706439575,37.06219948851881,39.1687226550777,38.5,36.190422693005544,25.309577306994452,65.21978894507703,61.307317658985646,42.87494260392958,65.21978894507703,27.95133811931872,0.0,33.355979539666926,3.7062199488518757,39.1687226550777
1.5833333333333333,50510974926.589226,0.2786911718553375,156.81249977347008,9890477985.712303,0.1906178034560338,0.2093821965439662,86.24687487540854,33.62766104392725,36.93796385413428,38.5,35.80005259992342,25.699947400076574,60.372812412785976,56.138957402157075,40.300729958527015,60.372812412785976,25.87406246262256,0.0,30.264894939534514,3.3627661043927217,36.93796385413428
1.6666666666666663,51335181425.398575,0.2648738289823188,145.576535179352,9181803226.832088,0.1869196417014156,0.2130803582985843,80.06709434864361,30.61250302034026,34.896937810368144,38.5,35.42561372226834,26.074386277731666,56.046966044050514,51.571381022899324,37.95818811240217,56.046966044050514,24.020128304593083,0.0,27.551252718306234,3.061250302034026,34.896937810368144
1.75,52100331694.301254,0.2521263190455062,135.51177363615295,8546998586.779441,0.1833724039357017,0.2166275960642983,74.53147549988414,27.955259654908517,33.02503848136031,38.5,35.06645589848979,26.433544101510204,52.17203284991889,47.5191763393829,35.82056444685117,52.17203284991889,22.359442649965235,0.0,25.159733689417664,2.7955259654908513,33.02503848136031
1.8333333333333333,52812581576.53287,0.2403434994877918,126.46467977647303,7976380282.861706,0.1799699308689694,0.2200300691310305,69.55557387706017,25.604819636330486,31.30428626308238,38.5,34.72195550048316,26.778044499516845,48.688901713942116,43.91100983581549,33.86476822671542,48.688901713942116,20.866672163118043,0.0,23.044337672697438,2.5604819636330416,31.30428626308238
1.9166666666666663,53477279933.43801,0.2294321922677245,118.30541228089852,7461758963.380832,0.1767063145752621,0.2232936854247378,65.0679767544942,23.518477573272598,29.71895795313173,38.5,34.3915143507453,27.10848564925471,45.54758372814593,40.6870228422936,32.07080571045899,45.54758372814593,19.520393026348252,0.0,21.16662981594534,2.351847757327259,29.71895795313173
2.0,54099093180.38642,0.2193097095154896,110.9236841687303,6996178607.890158,0.1735758882342885,0.2264241117657115,61.008026292801674,21.660386631532933,28.255271244395715,38.5,34.07455868372171,27.42544131627829,42.70561840496117,37.79675585622014,30.421309907549006,42.70561840496117,18.302407887840502,0.0,19.494347968379635,2.166038663153291,28.255271244395715
2.083333333333333,54682108064.377266,0.2099025616776164,104.22542084649254,6573705743.629977,0.1705732162917698,0.2294267837082302,57.3239814655709,20.00032340979319,26.901115971128455,27.500000000000004,38.182640782976875,34.31735921702314,28.661990732785448,39.79601804636214,35.76741206734496,28.661990732785448,25.7957916595069,2.866199073278544,14.000226386855232,6.0000970229379575,26.901115971128455
2.1666666666666665,55229916876.346436,0.2011453286950217,98.13004952879943,6189258483.880438,0.1676930850213484,0.2323069149786515,53.97152724083969,18.512697081129858,25.64582520682988,27.500000000000004,37.9558304454312,34.54416955456881,26.98576362041984,37.24607521516876,33.89821069321082,26.98576362041984,24.287187258377855,2.698576362041982,12.958887956790898,5.55380912433895,25.64582520682988
2.25,55745688416.66981,0.1929796753818377,92.56829065594933,5838467228.252035,0.1649304934716699,0.23506950652833,50.912559860772134,17.175750589929027,24.479980205248165,27.500000000000004,37.73827636089401,34.76172363910599,25.456279930386064,34.93367735029778,32.178333375265474,25.456279930386064,22.91065193734746,2.5456279930386057,12.023025412950313,5.152725176978705,24.479980205248165
2.333333333333333,56232227352.357475,0.1853534934393844,87.4803502687388,5517560652.149895,0.1622806447829195,0.2377193552170804,48.11419264780635,15.970913603377408,23.395244017555054,27.500000000000004,37.52960077665492,34.97039922334509,24.057096323903174,32.831026213877045,30.592227730958594,24.057096323903174,21.65138669151285,2.405709632390312,11.17963952236418,4.79127408101322,23.395244017555054
2.4166666666666665,56692024073.369965,0.1782201541151169,82.81443408241601,5223271986.446143,0.1597389378577356,0.2402610621422643,45.54793874532881,14.88227595706642,22.384219380020774,27.500000000000004,37.32944135629669,35.17055864370332,22.7739693726644,30.914165605344458,29.126299104407146,22.7739693726644,20.496572435397958,2.277396937266433,10.417593169946493,4.46468278711992,22.384219380020774
2.5,57127296738.90714,0.1715378571914688,78.52552081324527,4952761648.733006,0.157300959372038,0.242699040627962,43.1890364472849,13.896157229001467,21.440327136958892,27.500000000000004,37.137450550548,35.362549449452004,21.59451822364245,29.162376461579235,27.76862612802358,21.59451822364245,19.4350664012782,2.1594518223642405,9.727310060301024,4.168847168700441,21.440327136958892
2.583333333333333,57540026876.30156,0.1652690636390861,74.57434534099438,4703553109.347198,0.1549624761118979,0.245037523888102,41.01588993754691,13.000753359522303,20.55770204392516,27.500000000000004,36.953294993811966,35.546705006188034,20.507944968773455,27.557677823561722,26.508722548659197,20.507944968773455,18.457150471896107,2.0507944968773395,9.100527351665606,3.9002260078566877,20.55770204392516
2.6666666666666665,57931989635.41383,0.1593800008224484,70.92655243201793,4473479514.992235,0.1527194276231453,0.2472805723768546,39.009603837609866,12.185845302038384,19.73110329236968,27.500000000000004,36.776654925322696,35.723345074677304,19.504801918804926,26.0844134383513,25.337337074861694,19.504801918804926,17.554321726924435,1.9504801918804908,8.530091711426865,3.655753590611511,19.73110329236968
2.75,58304779594.99651,0.1538402305677145,67.55198967417253,4260639092.7294097,0.1505679191609493,0.2494320808390507,37.153594320794895,11.442557835474853,18.955837517902786,27.500000000000004,36.607223633924754,35.89277636607524,18.57679716039744,24.7289079291901,24.24628458458498,18.57679716039744,16.719117444357696,1.8576797160397442,8.009790484832395,3.43276735064245,18.955837517902786
2.833333333333333,58659832852.72396,0.1486222716790536,64.42411449634062,4063357749.5131955,0.1485042149271297,0.2514957850728703,35.43326297298735,10.763159113861406,18.227692409491873,27.500000000000004,36.444706925511476,36.055293074488546,17.716631486493675,23.47917971754729,23.22830329229967,17.716631486493675,15.944968337844301,1.771663148649363,7.5342113797029775,3.2289477341584183,18.227692409491873
2.9166666666666665,58998445998.51672,0.1437012696201953,61.51949504901403,3880157591.7314134,0.1465247315834585,0.2534752684165414,33.83572227695772,10.14089343660752,17.54287933544878,27.500000000000004,36.28882261219736,36.21117738780264,16.91786113847885,22.324700430256236,22.276933480278927,16.91786113847885,15.226075024630974,1.6917861138478802,7.098625405625262,3.0422680309822496,17.54287933544878
3.0,59321792464.49434,0.1390547070694739,58.81738860331641,3709730333.988373,0.1446260320296859,0.2553739679703141,32.34956373182403,9.569841219051439,16.89798365244095,27.500000000000004,36.13930002233777,36.36069997766224,16.17478186591201,21.25619253265682,21.386414204747574,16.17478186591201,14.557303679320812,1.6174781865911958,6.698888853336006,2.870952365715432,16.89798365244095
3.083333333333333,59630936658.99337,0.1346621499202573,56.29938420984584,3550914760.8833966,0.1428048194354895,0.2571951805645105,30.964661315415217,9.044801320968315,16.28992157346231,27.500000000000004,35.9958795305448,36.50412046945521,15.482330657707609,20.265458516614668,20.55159503552356,15.482330657707609,13.934097591936844,1.5482330657707548,6.331360924677816,2.7134403962904905,16.28992157346231
3.1666666666666665,59926846222.40032,0.1305050240470323,53.94909881924814,3402677560.7276187,0.1410579315159818,0.2589420684840181,29.67200435058648,8.561191822418746,15.715902646242915,27.500000000000004,35.858312106883574,36.64168789311642,14.83600217529324,19.345236233457037,19.767860410497857,14.83600217529324,13.352401957763911,1.4836002175293224,5.992834275693118,2.5683575467256183,15.715902646242915
3.25,60210402685.79429,0.1265664188035829,51.751918037251336,3264096974.445516,0.1393823350408388,0.2606176649591611,28.463554920488235,8.114966076233465,15.173397040529624,27.500000000000004,35.72635888446606,36.77364111553395,14.231777460244116,18.489075967583133,19.031064609424078,14.231777460244116,12.808599714219707,1.42317774602441,5.680476253363421,2.4344898228700353,15.173397040529624
3.333333333333333,60482410766.998085,0.1228309137761851,49.69477427154629,3134348802.8549676,0.1377751205675123,0.2622248794324876,27.332125849350458,7.7025414564422965,14.66010696575352,27.500000000000004,35.5997907446916,36.9002092553084,13.666062924675225,17.69123565171731,18.33747569515374,13.666062924675225,12.299456632207704,1.3666062924675217,5.391779019509609,2.3107624369326882,14.66010696575352
3.4166666666666665,60743606500.569336,0.1192844257931697,47.765956306854555,3012694396.1859303,0.1362334973893844,0.2637665026106155,26.271275968770002,7.320738694310235,14.173941643774315,27.500000000000004,35.478387919414025,37.021612080585975,13.135637984385001,16.946591271963662,17.68372705050588,13.135637984385001,11.822074185946494,1.3135637984384976,5.124517086017159,2.196221608293068,14.173941643774315
3.5,60994664366.91816,0.1159140736030831,45.95494538056264,2898470315.0428467,0.134754788690089,0.2652452113099109,25.275219959309457,6.966730073275086,13.712995347978097,27.500000000000004,35.3619396093445,37.13806039065549,12.637609979654723,16.25056003298181,17.06677536792609,12.637609979654723,11.373848981689251,1.2637609979654714,4.876711051292557,2.0900190219825197,13.712995347978097
3.583333333333333,61236203559.8384,0.1127080579863523,44.252273673578756,2791079405.1399593,0.1333364268955893,0.2666635731044107,24.338750520468317,6.637995060345837,13.275528092764596,27.500000000000004,35.25024361802767,37.24975638197235,12.169375260234153,15.599034276452825,16.48386413689177,12.169375260234153,10.952437734210745,1.2169375260234083,4.64659654224208,1.9913985181037477,13.275528092764596
3.6666666666666665,61468793510.26673,0.1096555553680213,42.64940181822855,2689983071.4793115,0.1319759492159388,0.2680240507840612,23.457171000025706,6.332282199509282,12.85994861869356,27.500000000000004,35.14310600075518,37.356893999244825,11.72858550001285,14.988324489668061,15.93249182854763,11.72858550001285,10.555726950011564,1.172858550001284,4.432597539656498,1.8996846598527846,12.85994861869356
3.75,61692958766.22334,0.1067466232589297,41.138612587538475,2594694573.121227,0.1306709933689857,0.2693290066310143,22.626236923146163,6.047576294214945,12.464799370177364,27.500000000000004,35.04034072780763,37.45965927219238,11.313118461573081,14.415110021366237,15.410384104599153,11.313118461573081,10.181806615415766,1.1313118461573073,4.233303405950462,1.8142728882644825,12.464799370177364
3.833333333333333,61909183313.983444,0.1039721160757981,39.71291839230223,2504773188.839287,0.1294192934785953,0.2705807065214046,21.84210511576623,5.782070070342973,12.088743206193021,27.500000000000004,34.94176936143939,37.558230638560616,10.921052557883115,13.876396351334886,14.915469483084228,10.921052557883115,9.828947302094802,1.0921052557883115,4.047449049240084,1.7346210211028885,12.088743206193021
3.9166666666666665,62117914413.05339,0.1013236100824003,38.36598059307286,2419819127.9662924,0.1282186761402683,0.2717813238597317,21.101289326190077,5.5341396455254,11.73055162135738,27.500000000000004,34.847220746046126,37.652779253953874,10.550644663095039,13.36947794865332,14.445857981324506,10.550644663095039,9.49558019678553,1.0550644663094986,3.873897751867782,1.6602418936576184,11.73055162135738
4.0,62319566007.050575,0.0987933363588741,37.09203894897214,2339469080.5895705,0.1270670566473225,0.2729329433526775,20.400621421934673,5.302323241080449,11.389094285957004,27.500000000000004,34.756530710976655,37.74346928902335,10.200310710967333,12.891905908626923,13.99982232937787,10.200310710967333,9.180279639870605,1.020031071096729,3.7116262687563113,1.5906969723241295,11.389094285957004
4.083333333333333,62514521763.76638,0.0963741208481531,35.88584978620384,2263392317.7154484,0.1259624353710876,0.2740375646289124,19.737217382412112,5.085302663735163,11.063329740056558,27.500000000000004,34.66954178547315,37.83045821452685,9.868608691206056,12.441459686700064,13.575781408297715,9.868608691206056,8.881747822085451,0.9868608691206038,3.559711864614612,1.5255907991205429,11.063329740056558
4.166666666666666,62703137790.24267,0.0940593306508174,34.742631686233146,2191287265.714097,0.1249028942888246,0.2750971057111754,19.108447427428228,4.881887159423786,10.752297099381119,27.500000000000004,34.58610292524494,37.91389707475506,9.554223713714114,12.016122353939355,13.172285618579675,9.554223713714114,8.598801342342703,0.9554223713714105,3.417321011596651,1.464566147827135,10.752297099381119
4.25,62885745062.38551,0.0918428258451871,33.65801767466678,2122878490.7765837,0.1238865936533439,0.2761134063466561,18.511909721066736,4.690999303693323,10.455108649906725,27.500000000000004,34.50606925020083,37.99393074979916,9.255954860533368,11.614058887065351,12.788003927068058,9.255954860533368,8.330359374480024,0.9255954860533351,3.283699512585326,1.4072997911079956,10.455108649906725
4.333333333333333,63062651603.28356,0.0897189162006425,32.628013043346414,2057914038.669945,0.1229117687985375,0.2770882312014625,17.945407173840525,4.511662644981895,10.170943224523988,27.500000000000004,34.429301792884836,38.07069820711517,8.972703586920263,11.233597079715562,12.421712376710584,8.972703586920263,8.075433228228233,0.8972703586920202,3.15816385148732,1.353498793494566,10.170943224523988
4.416666666666666,63234144439.83939,0.0876823222310048,31.64895806523522,1996163083.0905159,0.1219767270752793,0.2780232729247207,17.40692693587937,4.34299086015767,9.899040269198167,27.500000000000004,34.355667257178254,38.14433274282175,8.703463467939685,10.873210723256092,12.072283874039437,8.703463467939685,7.833117121145715,0.8703463467939684,3.040093602110367,1.3028972580473026,9.899040269198167
4.5,63400491363.43027,0.0857281401031058,30.717494968562928,1937413842.6572013,0.1210798449123728,0.2789201550876271,16.89462223270961,4.184178217751464,9.638694518101847,27.500000000000004,34.285037786849365,38.214962213150635,8.4473111163548,10.531504757145349,11.73867909506277,8.4473111163548,7.602580004719326,0.844731111635474,2.9289247524260236,1.25525346532544,9.638694518101847
4.583333333333333,63561942516.98504,0.0838518099749009,29.830538626834024,1881471732.2716753,0.1202195649974437,0.2797804350025562,16.40679624475871,4.0344911745271075,9.3892512075482,27.500000000000004,34.217290743548695,38.2827092564513,8.203398122379351,10.207202132310396,11.41993837214427,8.203398122379351,7.383058310141416,0.8203398122379351,2.8241438221689736,1.2103473523581254,9.3892512075482
4.666666666666666,63718731828.007675,0.0820490873889265,28.98525049752515,1828157719.3799067,0.119394393572881,0.280605606427119,15.941887773638832,3.8932609564238216,9.150101767462498,27.500000000000004,34.15230849386439,38.34769150613562,7.970943886819416,9.899132167634148,11.115174443071579,7.970943886819416,7.173849498137473,0.7970943886819338,2.7252826694966745,1.167978286927139,9.150101767462498
4.75,63871078304.622665,0.0803160173916398,28.179015406902604,1777306859.7441611,0.1186028978421327,0.2813971021578673,15.498458473796434,3.759876996296341,8.92067993680982,27.500000000000004,34.08997820506796,38.41002179493205,7.749229236898217,9.606220210615838,10.823565959388551,7.749229236898217,6.974306313208394,0.7749229236898147,2.6319138974074354,1.1279630988888971,8.92067993680982
4.833333333333333,64019187209.60135,0.0786489110881484,27.409420833290497,1728766990.7972987,0.117843703481852,0.282156296518148,15.075181458309773,3.633781118948529,8.700458256032194,27.500000000000004,34.03019164919585,38.46980835080416,7.5375907291548865,9.327478439503368,10.54435166463224,7.5375907291548865,6.783831656239393,0.7537590729154852,2.543646783263968,1.0901343356845528,8.700458256032194
4.916666666666666,64163251125.50112,0.0770443243758246,26.674238387879186,1682397563.600316,0.117115492255574,0.2828845077444259,14.670831113333554,3.514462379256377,8.488944895289249,27.500000000000004,33.97284501512647,38.52715498487353,7.3354155566667725,9.06199766647956,10.27682516473284,7.3354155566667725,6.601874001000099,0.7335415556666739,2.4601236654794607,1.054338713776908,8.488944895289249
5.0,64303450922.46781,0.075499038629986,25.971407232083813,1638068596.9419901,0.1164169997247797,0.2835830002752202,14.284273977646098,3.4014524721633435,8.285680782274364,27.500000000000004,33.91783872832641,38.5821612716736,7.142136988823045,8.808940020455088,10.020330222805672,7.142136988823045,6.427923289940742,0.7142136988823027,2.3810167305143377,1.020435741648997,8.285680782274364
5.083333333333333,64439956638.87965,0.0740100431407879,25.29901920461973,1595659739.273776,0.1157470130533723,0.2842529869466276,13.914460562540851,3.294321644378961,8.090236997699908,16.5,39.5107694842522,43.989230515747806,4.174338168762248,9.995837159713991,11.128843876143481,4.174338168762248,8.348676337524505,1.3914460562540798,1.6471608221894762,1.6471608221894762,8.090236997699908
5.166666666666666,64572928283.81912,0.0725745191232258,24.6553054607544,1555059426.0207016,0.1151043689017547,0.2848956310982452,13.560418003414918,3.1926750470326306,7.9022124103068405,16.5,39.47462075072371,44.02537924927629,4.068125401024472,9.732588325565269,10.85459173416465,4.068125401024472,8.136250802048952,1.356041800341485,1.5963375235163153,1.5963375235163153,7.9022124103068405
5.25,64702516569.32085,0.0711898251420879,24.038624451366122,1516164121.396564,0.1144879514068503,0.2855120485931497,13.221243448251363,3.0961494765849675,7.721231526529781,16.5,39.43994726663533,44.06005273336468,3.966373034475408,9.480820807243298,10.591430609647405,3.966373034475408,7.932746068950816,1.322124344825133,1.5480747382924838,1.5480747382924838,7.721231526529781
5.333333333333333,64828863579.43723,0.0698534838112301,23.447451091120076,1478877635.219126,0.1138966902445603,0.2861033097554397,12.896098100116046,3.0044104581935005,7.54694253281053,16.5,39.40668882625652,44.09331117374349,3.8688294300348103,9.239864089166378,10.338757571918887,3.8688294300348103,7.737658860069621,1.2896098100115976,1.5022052290967502,1.5022052290967502,7.54694253281053
5.416666666666666,64952103382.37216,0.0685631696419592,22.880366983777876,1443110506.4008381,0.1133295587712936,0.2866704412287063,12.584201841077828,2.9171496316464167,7.379015511053615,16.5,39.37478768088528,44.12521231911473,3.775260552323342,9.009095920469905,10.09601051098461,3.775260552323342,7.550521104646693,1.258420184107775,1.4585748158232041,1.4585748158232041,7.379015511053615
5.5,65072362591.2389,0.0673166979288879,22.336051588832873,1408779445.810867,0.1127855722413415,0.2872144277586585,12.28482837385808,2.834082405065967,7.217140809908815,16.5,39.34418843857546,44.15581156142454,3.685448512157416,8.78793822684783,9.862664849827608,3.685448512157416,7.370897024314841,1.2284828373858054,1.4170412025329793,1.4170412025329793,7.217140809908815
5.583333333333333,65189760878.3898,0.0661120145736022,21.813274227676963,1375806832.0880415,0.112263786097002,0.287736213902998,11.997300825222329,2.7549458459675678,7.0610275564870575,16.5,39.314837967956365,44.18516203204364,3.599190247566695,8.575853418117177,9.638230561993083,3.599190247566695,7.198380495133398,1.1997300825222286,1.3774729229837799,1.3774729229837799,7.0610275564870575
5.666666666666666,65304411447.73048,0.0649471867570602,21.310886839667795,1344120254.751527,0.1117632943284859,0.288236705671514,11.720987761817282,2.6794967830457,6.910402294804802,16.499999999999996,39.286685305977336,44.21331469402267,3.5162963285451827,8.37234104861322,9.422249462509383,3.5162963285451827,7.032592657090365,1.1720987761817248,1.3397483915228459,1.3397483915228459,6.910402294804802
5.75,65416421468.95976,0.0638203943809956,20.827817409043366,1313652099.6231837,0.1112832279007554,0.2887167720992445,11.455299574973855,2.607510095331625,6.76500773873788,16.5,39.259681569417495,44.24031843058251,3.4365898724921515,8.176934792650128,9.21429274390108,3.4365898724921515,6.873179744984312,1.1455299574973838,1.3037550476658082,1.3037550476658082,6.76500773873788
5.833333333333333,65525892477.261696,0.062729922206883,20.363063992845216,1284339172.1567338,0.1108227532445643,0.2891772467554357,11.199685196064872,2.538777168205149,6.624601628575195,16.5,39.23377987000675,44.26622012999326,3.3599055588194537,7.989199701741495,9.013958732284257,3.3599055588194537,6.7198111176389155,1.1199685196064846,1.2693885841025703,1.2693885841025703,6.624601628575195
5.916666666666666,65632920741.608086,0.0616741526283679,19.915689288053805,1256122354.7761297,0.1103810708090798,0.2896189291909202,10.953629108429588,2.47310449820583,6.488955681418371,16.499999999999996,39.20893523301074,44.291064766989265,3.286088732528869,7.808729714160671,8.820870841364249,3.286088732528869,6.572177465057748,1.0953629108429537,1.236552249102915,1.236552249102915,6.488955681418371
6.0,65737597604.506096,0.0606515590195852,19.484815683169778,1228946294.7688847,0.1099574136735728,0.2900425863264272,10.716648625743376,2.410312430731066,6.357854626695327,16.500000000000004,39.18510451913848,44.31489548086153,3.2149945877230115,7.635145390811563,8.634675704635203,3.2149945877230115,6.429989175446023,1.0716648625743341,1.205156215365533,1.205156215365533,6.357854626695327
6.083333333333333,65840009795.73683,0.059660699607588,19.069620745631372,1202759119.6684623,0.1095510462157654,0.2904489537842346,10.488291410097256,2.350234016574497,6.2310953189596106,16.5,39.1622463496368,44.3377536503632,3.146487423029177,7.468091854345606,8.455041468256589,3.146487423029177,6.292974846058354,1.0488291410097257,1.175117008287244,1.175117008287244,6.2310953189596106
6.166666666666666,65940239722.37587,0.0587002118222658,18.669333101858367,1177512177.4004114,0.1091612628345243,0.2908387371654757,10.268133206022098,2.292713974886902,6.10848592094936,16.5,39.140321034442,44.35967896555801,3.080439961806629,7.307236911056713,8.281656228995026,3.080439961806629,6.160879923613258,1.0268133206022099,1.1463569874434467,1.1463569874434467,6.10848592094936
6.25,66038365737.15924,0.0577688070817319,18.283228671457046,1153159798.7661388,0.1087873867246815,0.2912126132753185,10.055775769301375,2.2376077515647737,5.989845150590886,16.5,39.11929050326333,44.38070949673667,3.0167327307904057,7.152269337363212,8.114226603303418,3.0167327307904057,6.03346546158082,1.0055775769301325,1.1188038757823824,1.1188038757823824,5.989845150590886
6.333333333333333,66134462387.05642,0.0568652659752587,17.910627221295382,1129659080.1015425,0.1084287687018552,0.2915712312981447,9.85084497171246,2.1847806633183557,5.875001586264557,16.5,39.09911823947936,44.40088176052065,2.955253491513737,7.002897314686657,7.952476415094988,2.955253491513737,5.910506983027474,0.98508449717124,1.0923903316591737,1.0923903316591737,5.875001586264557
6.416666666666666,66228600643.73155,0.0559884338095054,17.550889208836466,1106969684.1797338,0.108084786075231,0.2919152139247689,9.652989064860058,2.1341071187630667,5.763793025213341,16.499999999999996,39.07976921673175,44.42023078326825,2.8958967194580105,6.858846998297567,7.796145491080881,2.8958967194580105,5.791793438916029,0.9652989064860006,1.0670535593815293,1.0670535593815293,5.763793025213341
6.5,66320848117.4132,0.0551372164870601,17.203412887365626,1085053657.6319249,0.1077548415663444,0.2922451584336556,9.461877088051097,2.0854699088382973,5.656065890476223,16.5,39.06120983810687,44.43879016189312,2.838563126415321,6.719861207249803,7.644988553700484,2.838563126415321,5.67712625283065,0.946187708805107,1.0427349544191444,1.0427349544191444,5.656065890476223
6.583333333333333,66411269255.549194,0.0543105766892486,16.86763164861647,1063875263.3415384,0.1074383622719892,0.2925616377280107,9.277197406739061,2.038759559701339,5.551674682176063,16.499999999999996,39.04340787779939,44.45659212220061,2.7831592220217134,6.585698223894108,7.49877420270064,2.7831592220217134,5.566318444043435,0.9277197406739044,1.019379779850665,1.019379779850665,5.551674682176063
6.666666666666666,66499925527.49432,0.0535075303377955,16.543011580842048,1043400826.4268698,0.1071347986694504,0.2928652013305495,9.098656369463125,1.9938737419873807,5.450481469391533,16.5,39.02633242515659,44.47366757484342,2.729596910838932,6.456130692671568,7.357283977331537,2.729596910838932,5.459193821677873,0.9098656369463107,0.996936870993686,0.996936870993686,5.450481469391533
6.75,66586875596.36323,0.0527271433122789,16.22904922262898,1023598592.5696553,0.1068436236623332,0.2931563763376668,8.92597707244594,1.9507167309825582,5.352355419200479,16.5,39.00995383100625,44.49004616899376,2.677793121733779,6.330944608958841,7.220311491936349,2.677793121733779,5.355586243467558,0.8925977072445872,0.9753583654912749,0.9753583654912749,5.352355419200479
6.833333333333333,66672175479.07737,0.0519685284024433,15.925269494752177,1004438597.5730095,0.1065643316653326,0.2934356683346674,8.758898222113697,1.9091989128358935,5.257172359802579,16.5,38.994243656174966,44.505756343825034,2.6276694666341065,6.2099383896861635,7.087661638431898,2.6276694666341065,5.255338933268213,0.8758898222113688,0.9545994564179424,0.9545994564179424,5.257172359802579
6.916666666666666,66755878695.54178,0.0512308424763369,15.631223794143489,985892547.1442181,0.1062964377263547,0.2937035622736452,8.597173086778916,1.8692363324484975,5.164814374916068,16.5,38.97917462210746,44.52082537789255,2.5791519260336684,6.092922018291595,6.959149849818208,2.5791519260336684,5.1583038520673465,0.8597173086778838,0.9346181662242488,0.9346181662242488,5.164814374916068
7.0,66838036407.8038,0.0505132838469574,15.346488235630227,967933705.99767,0.1060394766844637,0.2939605233155363,8.440568529596623,1.830750279131815,5.07516942690178,16.5,38.96472056350108,44.535279436498925,2.5321705588789873,5.979716257323881,6.834601419427351,2.5321705588789873,5.064341117757975,0.8440568529596624,0.9153751395659075,0.9153751395659075,5.07516942690178
7.083333333333333,66918697549.970276,0.0498150898216379,15.070662028508217,950536795.4620705,0.105793002362194,0.294206997637806,8.288864115679518,1.793666906529514,4.988131006299168,16.5,38.95085638287342,44.54914361712659,2.4866592347038536,5.870151922672469,6.713850871131887,2.4866592347038536,4.973318469407707,0.8288864115679484,0.8968334532647527,0.8968334532647527,4.988131006299168
7.166666666666666,66997908949.59211,0.0491355344197942,14.803365976271262,933677898.855381,0.1055565867908248,0.2944434132091751,8.141851286949189,1.7579168836544434,4.903597805667611,16.5,38.9375580069839,44.56244199301611,2.442555386084754,5.764069213996734,6.596741376189756,2.442555386084754,4.885110772169516,0.814185128694918,0.8789584418272174,0.8789584418272174,4.903597805667611
7.25,67075715441.16339,0.0484739262459189,14.544241088943261,917334373.9618293,0.1053298194672711,0.2946701805327289,7.999332598918791,1.7234350742102158,4.821473415814246,16.5,38.924802345034,44.575197654966,2.399799779675637,5.661317096456382,6.483124212811234,2.399799779675637,4.799599559351274,0.799933259891879,0.8617175371051079,0.8617175371051079,4.821473415814246
7.333333333333333,67152159972.32687,0.0478296065058432,14.29294729846345,901484772.0086869,0.1051123066413014,0.2948876933586985,7.861121014154892,1.6901602416495551,4.741666042658993,16.5,38.91256724857321,44.58743275142679,2.3583363042464676,5.561752729317718,6.372858264899263,2.3583363042464676,4.716672608492935,0.7861121014154892,0.8450801208247732,0.8450801208247732,4.741666042658993
7.416666666666666,67227283703.3276,0.0472019471553165,14.049162268475385,886108762.5972794,0.1049036706318454,0.2950963293681546,7.727039247661457,1.6580347776736732,4.664088243140246,16.5,38.90083147304131,44.59916852695869,2.318111774298434,5.4652409374337125,6.26580955674323,2.318111774298434,4.636223548596876,0.7727039247661387,0.8290173888368366,0.8290173888368366,4.664088243140246
7.5,67301126100.21071,0.0465903491708892,13.812580290677488,871187064.093611,0.1047035491712018,0.2952964508287982,7.596919159872618,1.6270044521018885,4.588656678702981,16.5,38.889574640880106,44.6104253591199,2.279075747961784,5.3716537219745115,6.161850820741184,2.279075747961784,4.558151495923568,0.7596919159872585,0.8135022260509442,0.8135022260509442,4.588656678702981
7.583333333333333,67373725022.21851,0.0459942409339252,13.582911260616829,856701379.0296253,0.1045115947760112,0.2954884052239888,7.470601193339258,1.5970181822416154,4.515291885035956,16.5,38.87877720615063,44.62122279384937,2.2411803580017775,5.280869807124363,6.06086109549069,2.2411803580017775,4.482360716003555,0.7470601193339258,0.7985090911208077,0.7985090911208077,4.515291885035956
7.666666666666666,67445116803.804306,0.0454130767193402,13.359879726459162,842634334.1072325,0.1043274741438986,0.2956725258561014,7.347933849552536,1.5680278200687332,4.443918056837885,16.5,38.868420420594305,44.6315795794057,2.20438015486576,5.192774219765886,5.962725351827507,2.20438015486576,4.40876030973152,0.7347933849552477,0.7840139100343666,0.7840139100343666,4.443918056837885
7.75,67515336331.646576,0.0448463352813582,13.143224004853494,828969424.4341197,0.1041508675747399,0.29584913242526,7.228773202669423,1.5399879556889622,4.374462846495099,16.5,38.858486301079125,44.64151369892087,2.1686319608008215,5.107257899446138,5.867334144606526,2.1686319608008215,4.337263921601653,0.7228773202669406,0.7699939778444768,0.7699939778444768,4.374462846495099
7.833333333333333,67584417117.01609,0.0442935185292094,12.93269535853692,815690961.6536409,0.1039814684155467,0.2960185315844533,7.112982447195304,1.5128557356955377,4.30685717564607,16.5,38.848957598374504,44.651042401625496,2.1338947341585857,5.024217336164949,5.774583288213367,2.1338947341585857,4.26778946831718,0.7112982447195286,0.7564278678477688,0.7564278678477688,4.30685717564607
7.916666666666666,67652391363.820564,0.0437541502862707,12.728057230800903,802784025.6610749,0.1038189825280054,0.2961810174719945,7.000431476940497,1.4865906951674688,4.241035058692938,16.5,38.83981776720031,44.66018223279969,2.1001294430821487,4.943554233748032,5.684373553970722,2.1001294430821487,4.200258886164297,0.7000431476940496,0.7432953475837344,0.7432953475837344,4.241035058692938
8.0,67719290032.62565,0.0432277751266725,12.529084532369046,790234419.6255805,0.1036631277777468,0.2963368722222532,6.890996492802972,1.4611546021693018,4.176933437396754,16.5,38.83105093749826,44.66894906250174,2.06729894784089,4.865175196766435,5.596610387761713,2.06729894784089,4.13459789568178,0.6890996492802938,0.7305773010846466,0.7305773010846466,4.176933437396754
8.083333333333332,67785142900.92778,0.0427139572838743,12.335562976624267,778028628.0616459,0.1035136335444584,0.2964863664555416,6.784559637143345,1.436511313717726,4.114492025763189,16.5,38.82264188687579,44.67735811312422,2.035367891143001,4.788991439144869,5.511203646336389,2.035367891143001,4.070735782286002,0.6784559637143336,0.7182556568588586,0.7182556568588586,4.114492025763189
8.166666666666666,67849978619.932915,0.0422122796261461,12.147288459473677,766153777.7159239,0.1033702402519895,0.2966297597480105,6.681008652710518,1.4126266422742617,4.053653164488889,16.5,38.814576014174406,44.68542398582559,2.004302595813149,4.714918512763447,5.428067350897073,2.004302595813149,4.008605191626307,0.6681008652710441,0.7063133211371309,0.7063133211371309,4.053653164488889
8.25,67913824768.07591,0.0417223426942924,11.964066480456628,754597601.0553607,0.1032326989176331,0.2967673010823668,6.5802365642511464,1.3894682319084608,3.9943616842970133,16.5,38.80683931411687,44.693160685883136,1.9740709692753413,4.642876054504922,5.347119456676366,1.9740709692753413,3.9481419385506826,0.6580236564251138,0.6947341159542304,0.6947341159542304,3.9943616842970133
8.333333333333332,67976707901.49719,0.0412437637973147,11.785711601989146,743348402.1606597,0.1031007707198018,0.2968992292801982,6.482141381094033,1.367005443352189,3.936564777542925,16.5,38.79941835298886,44.70058164701115,1.9446424143282057,4.572787550332515,5.2682816373284185,1.9446424143282057,3.88928482865642,0.648214138109399,0.6835027216760945,0.6835027216760945,3.936564777542925
8.416666666666666,68038653601.67725,0.0407761761620465,11.612046943898209,732395024.8455482,0.1029742265833466,0.2970257734166533,6.386625819144012,1.3452092472346087,3.880211877519582,16.5,38.79230024531325,44.70769975468675,1.9159877457431984,4.504580115103713,5.19147908305129,1.9159877457431984,3.831975491486405,0.6386625819143994,0.6726046236173,0.6726046236173,3.880211877519582
8.5,68099686520.41438,0.0403192281330915,11.4429037106365,721726822.8372654,0.1028528467817998,0.2971471532182002,6.29359704085007,1.324052124850105,3.8252545449363162,16.5,38.78547263147624,44.71452736852377,1.8880791122550185,4.438184286935094,5.116640311446379,1.8880791122550185,3.776158224510046,0.6293597040850062,0.6620260624250482,0.6620260624250482,3.8252545449363162
8.583333333333332,68159830422.31749,0.0398725824196813,11.27812074878293,711333631.8672372,0.1027364205558501,0.2972635794441499,6.2029664118306105,1.3035079758674488,3.771646361084863,16.5,38.77892365626657,44.72107634373343,1.860889923549183,4.37353383503209,5.043696990201648,1.860889923549183,3.721779847098366,0.620296641183061,0.6517539879337244,0.6517539879337244,3.771646361084863
8.666666666666666,68219108224.9731,0.0394359153863176,11.117544132629874,701205743.5332316,0.1026247457473882,0.2973752542526118,6.1146492729464255,1.2835520324398146,3.719342827243617,16.5,38.772641948290584,44.727358051709416,1.834394781883923,4.310565579987767,4.972583770758175,1.834394781883923,3.6687895637678554,0.6114649272946382,0.641776016219903,0.641776016219903,3.719342827243617
8.75,68277542036.9342,0.0390089163843015,10.961026775836055,691333880.8055321,0.1025176284484868,0.2974823715515132,6.028564726709827,1.2641607792214529,3.6683012699047586,16.5,38.76661660022739,44.73338339977263,1.8085694180129455,4.24921922563663,4.9032381321864795,1.8085694180129455,3.617138836025899,0.6028564726709817,0.6320803896107222,0.6320803896107222,3.6683012699047586
8.833333333333332,68335153193.66799,0.0385912871214656,10.80842806728601,681709175.0598638,0.1024148826647065,0.2975851173352934,5.944635437007308,1.2453118788386457,3.618480751440058,16.5,38.760837149889745,44.73916285011026,1.7833906311021923,4.189437201623703,4.835600234560117,1.7833906311021923,3.5667812622043846,0.5944635437007308,0.6226559394193186,0.6226559394193186,3.618480751440058
8.916666666666666,68391962291.589645,0.0381827410676223,10.659613529445126,672323144.529163,0.1023163299921421,0.2976836700078578,5.862787441194817,1.2269841024008288,3.5698419858494637,16.5,38.755293562058,44.744706437942,1.7588362323584432,4.13116451591731,4.769612781169365,1.7588362323584432,3.5176724647168864,0.5862787441194782,0.6134920512004144,0.6134920512004144,3.5698419858494637
9.0,68447989220.30041,0.0377830028934214,10.514454497633709,663167674.0747534,0.1022217993076484,0.2977782006923515,5.7829499736985355,1.2091572646723212,3.5223472592628364,16.5,38.74997621105523,44.75002378894477,1.7348849921095568,4.074348616555283,4.705220888968853,1.7348849921095568,3.4697699842191225,0.5782949973698466,0.6045786323361606,0.6045786323361606,3.5223472592628364
9.083333333333332,68503253193.13997,0.0373918079404792,10.372827818767501,654234996.1853042,0.1021311264717088,0.2978688735282912,5.705055300322122,1.1918121635562755,3.4759603548890947,16.5,38.74487586403362,44.755124135966376,1.7115165900966365,4.018939261971411,4.642371966699445,1.7115165900966365,3.423033180193273,0.5705055300322122,0.5959060817781378,0.5959060817781378,3.4759603548890947
9.166666666666666,68557772776.15542,0.0370089017207917,10.234615568223337,645517673.1189823,0.1020441540434292,0.2979558459565707,5.629038562522832,1.174930523571436,3.4306464821290517,16.500000000000004,38.7399836649429,44.76001633505711,1.6887115687568504,3.964888399299419,4.581015600167059,1.6887115687568504,3.3774231375137007,0.5629038562522806,0.587465261785718,0.587465261785718,3.4306464821290517
9.25,68611565915.58199,0.0366340394435876,10.099704783593234,637008580.1107929,0.1019607310071643,0.2980392689928356,5.5548376309762775,1.1584949430281857,3.3863722095887714,16.5,38.73529111915299,44.76470888084699,1.6664512892928778,3.912150050099862,4.521103444200486,1.6664512892928778,3.332902578585765,0.555483763097626,0.5792474715140886,0.5792474715140886,3.3863722095887714
9.333333333333332,68664649963.92456,0.0362669855679064,9.967987214183074,628700889.5729549,0.101880712510299,0.2981192874897009,5.48239296780069,1.142488844633837,3.3431054017485464,16.5,38.73079007870432,44.76920992129568,1.6447178903402009,3.8606802029973286,4.462589120845526,1.6447178903402009,3.28943578068041,0.5482392967800612,0.5712444223169185,0.5712444223169185,3.3431054017485464
9.416666666666666,68717041704.72231,0.0359075133793067,9.839359085199193,620588056.221684,0.1018039596117321,0.2981960403882679,5.41164749685956,1.12689642927931,3.3008151590603227,16.5,38.72647272815993,44.77352727184007,1.6234942490578639,3.8104367127553913,4.40542812338593,1.6234942490578639,3.2469884981157278,0.5411647496859517,0.563448214639655,0.563448214639655,3.3008151590603227
9.5,68768757376.07411,0.0355554045892201,9.713720875645297,612663803.0687004,0.1017303390406241,0.2982696609593759,5.3425464816049155,1.1117026327785515,3.259471761261822,16.500000000000004,38.72233157103511,44.777668428964894,1.6027639444814687,3.7613792053522217,4.34957772581159,1.6027639444814687,3.205527888962946,0.5342546481604837,0.5558513163892758,0.5558513163892758,3.259471761261822
9.583333333333332,68819812692.9965,0.0352104489555698,9.590977109024218,604922108.2203757,0.101659722964991,0.298340277035009,5.275037409963314,1.0968930853503422,3.2190466137105544,16.5,38.71835941678075,44.78164058321926,1.5825112229889942,3.7134689886531635,4.2949968973820525,1.5825112229889942,3.1650224459779883,0.5275037409963315,0.5484465426751668,0.5484465426751668,3.2190466137105544
9.666666666666666,68870222868.68155,0.0348724439233652,9.471036156006583,597357192.4316478,0.1015919887697412,0.2984080112302587,5.209069885803625,1.0824540736486843,3.1795121965542763,16.499999999999996,38.714549368297945,44.785450631702055,1.5627209657410872,3.666668968306512,4.241646221958976,1.5627209657410872,3.1254419314821744,0.5209069885803624,0.5412270368243378,0.5412270368243378,3.1795121965542763
9.75,68920002634.71751,0.0345411942840734,9.353810048289015,589963507.3656847,0.101527018843772,0.298472981156228,5.1445955265589545,1.0683725051629132,3.140842016567138,16.5,38.71089480996218,44.78910519003782,1.543378657967683,3.620943568516827,4.189487821804487,1.543378657967683,3.0867573159353743,0.5144595526558886,0.5341862525814522,0.5341862525814522,3.140842016567138
9.833333333333332,68969166260.33133,0.0342165118526477,9.2392143029212,582735724.5138459,0.101464700375753,0.2985352996242469,5.0815678666066555,1.0546358748224265,3.10301056149211,16.499999999999996,38.70738939613611,44.7926106038639,1.52447035998199,3.57625865737521,4.138485285563983,1.52447035998199,3.0489407199639884,0.5081567866606604,0.5273179374112132,0.5273179374112132,3.10301056149211
9.916666666666666,69017727570.70747,0.0338982151611686,9.12716775643296,575668724.7337397,0.1014049251582461,0.2985950748417538,5.0199422660381225,1.0412322336538211,3.0659932567410086,16.500000000000004,38.70402704015136,44.795972959848655,1.5059826798114357,3.5325814764497823,4.088603600171734,1.5059826798114357,3.0119653596228715,0.5019942266038062,0.5206161168269106,0.5206161168269106,3.0659932567410086
10.0,69065699964.43529,0.0335861291681219,9.017592408140032,568757588.3662086,0.1013475893998171,0.2986524106001829,4.959675824477019,1.0281501593494657,3.0297664243135403,16.500000000000004,38.70080190373971,44.79919809626029,1.4879027473431021,3.489880574360942,4.039809086435981,1.4879027473431021,2.9758054946862127,0.495967582447695,0.5140750796747287,0.5140750796747287,3.0297664243135403
